detected_at,sold_date,sold_time,sku,title,sold_on,delist_from,status
2026-06-18 07:25,2026-06-18,06:47,945,945 Patagonia Trucker Hat,Vinted,Depop,pending
2026-06-18 16:49,2026-06-18,14:14,657,657 Vintage Ford Trucker Hat,Vinted,Depop,pending
2026-06-18 21:41,2026-06-18,20:47,,Real Tree Camo Baseball Hat,Vinted,Depop,pending
2026-06-18 21:41,2026-06-18,21:07,1152,1152 Vintage Cord Trucker Hat,Vinted,Depop,pending
2026-06-18 23:34,2026-06-18,22:27,1155,1155 Real Tree Camo Baseball Hat,Vinted,Depop,pending
2026-06-19 11:04,2026-06-19,07:22,1256,1256 Weatherby Camo Baseball Hat,Vinted,Depop,pending
2026-06-19 17:33,2026-06-19,16:12,,Vintage Striped Rugby Shirt Compaq Tools Sponsor,Depop,Vinted,pending
2026-06-20 10:34,2026-06-20,09:55,1272,1272 Fitzgeralds Garage Wrecker Trucker Hat,Vinted,Depop,pending
2026-06-20 10:34,2026-06-20,10:28,1257,1257 Realtree Camo Baseball Hat,Vinted,Depop,pending
2026-06-20 17:54,2026-06-20,17:35,,Nike ACG Puffer Jacket Gilet Removable Sleeves,Depop,Vinted,pending
2026-06-20 22:18,2026-06-20,21:08,1284,1284 RealTree Texas Camo Baseball Hat Symank,Depop,Vinted,pending
2026-06-20 23:38,2026-06-20,22:49,,Lee Storm Rider Denim Jacket Rugged Wear,Depop,Vinted,pending
2026-06-21 03:08,2026-06-21,01:05,1156,1156 Real Tree Camo Trucker Hat Signatures,Depop,Vinted,pending
2026-06-21 03:08,2026-06-21,02:05,,Vintage Striped Polo Shirt 70s 80s Colourblock,Depop,Vinted,pending
2026-06-21 17:51,2026-06-21,17:50,1328,1328 Master Bait Realtree Camo Trucker Hat,Depop,Vinted,pending
2026-06-21 19:15,2026-06-21,18:13,,Real Tree Sling Side Bag Hunting Camo,Depop,Vinted,pending
2026-06-21 20:04,2026-06-21,19:31,1332,1332 Realtree Camo Baseball Hat Winchester Rifle,Depop,Vinted,pending
2026-06-21 20:04,2026-06-21,19:30,36,36 MLB New York Mets Baseball Hat,Vinted,Depop,pending
2026-06-21 20:04,2026-06-21,19:39,1283,1283 I Love Jesus Realtree Camo Baseball Hat,Vinted,Depop,pending
2026-06-21 21:06,2026-06-21,20:32,1325,1325 Cinema City Video Store Trucker Hat,Vinted,Depop,pending
2026-06-21 23:48,2026-06-21,22:42,1418,1418 Hoosier Racing Tire Baseball Hat Hoosier,Depop,Vinted,pending
2026-06-22 12:12,2026-06-22,11:00,,Vintage Ralph Lauren Polo Shirt Short Sleeve,Depop,Vinted,pending
2026-06-22 17:02,2026-06-22,14:57,1321,1321 Switzer Oklahoma Baseball Hat,Vinted,Depop,pending
2026-06-22 20:40,2026-06-22,17:44,1329,1329 Realtree APC Camo Baseball Hat Realtree,Depop,Vinted,pending
2026-06-22 20:40,2026-06-22,18:48,1336,1336 MLB Boston Red Sox Baseball Hat,Depop,Vinted,pending
2026-06-22 20:40,2026-06-22,19:16,1287,1287 Duck Commander Pink Camo Trucker Hat,Depop,Vinted,pending
2026-06-23 01:22,2026-06-23,01:00,955,955 Vintage Trucker Hat,Vinted,Depop,pending
2026-06-23 12:34,2026-06-23,11:21,1248,1248 Wilcart RV Trucker Hat Wilcart RV,Depop,Vinted,pending
2026-06-23 15:03,2026-06-23,13:14,1388,1388 Realtree Pink Camo Baseball Hat Realtree,Depop,Vinted,pending
2026-06-23 15:03,2026-06-23,13:31,1242,1242 Titleist Golf Hat,Vinted,Depop,pending
2026-06-23 17:36,2026-06-23,16:20,1222,1222 Titleist Golf Hat,Vinted,Depop,pending
2026-06-23 19:28,2026-06-23,18:41,1305,1305 Caterpillar CAT Distressed Baseball Hat,Vinted,Depop,pending
2026-06-23 21:36,2026-06-23,20:02,826,826 Vintage Trucker Hat ABE Home Centre,Depop,Vinted,pending
2026-06-23 21:36,2026-06-23,21:18,,Timberland Baseball Hat,Vinted,Depop,pending
2026-06-23 23:04,2026-06-23,21:40,373,373 Vintage Trucker Hat,Vinted,Depop,pending
2026-06-23 23:04,2026-06-23,22:44,1266,1266 Callaway Hickory Stripe Golf Baseball Hat,Vinted,Depop,pending
2026-06-24 00:19,2026-06-23,23:14,1192,1192 Adidas Baseball Hat,Vinted,Depop,pending
2026-06-24 09:11,2026-06-24,07:53,1030,1030 Vintage Trucker Hat Nissan Gray Bar,Depop,Vinted,pending
2026-06-24 09:11,2026-06-24,08:42,1207,1207 GM Parts Racing Trucker Hat,Vinted,Depop,pending
2026-06-24 12:20,2026-06-24,12:01,1385,1385 Forest Camo Trucker Hat Hubbard Feeds,Depop,Vinted,pending
2026-06-24 12:20,2026-06-24,10:36,1354,1354 Toyota Camo Baseball Hat,Vinted,Depop,pending
2026-06-24 12:20,2026-06-24,10:52,1089,1089 Real Tree Camo Trucker Hat,Vinted,Depop,pending
2026-06-24 14:35,2026-06-24,14:29,1277,1277 Michigan Wolverines Wool Baseball Hat Nike,Depop,Vinted,pending
2026-06-24 17:04,2026-06-24,15:05,1348,1348 Nike Baseball Hat,Vinted,Depop,pending
2026-06-24 17:04,2026-06-24,15:18,1356,1356 Realtree Camo Baseball Hat,Vinted,Depop,pending
2026-06-24 17:04,2026-06-24,15:24,881,881 Real Tree Camo Trucker Hat,Vinted,Depop,pending
2026-06-24 19:02,2026-06-24,17:47,874,874 Real Tree Camo Trucker Hat Head,Depop,Vinted,pending
2026-06-24 19:02,2026-06-24,18:05,1343,1343 NCAA Carroll Cougars Trucker Hat,Vinted,Depop,pending
2026-06-24 20:50,2026-06-24,20:39,1312,1312 NFL Raiders Baseball Hat Las Vegas,Depop,Vinted,pending
2026-06-24 22:14,2026-06-24,21:25,207,207 Vintage Trucker Hat Nissun Caps Walmart,Depop,Vinted,pending
2026-06-24 22:14,2026-06-24,22:02,1120,1120 Dodge Ram Racing Trucker Hat Diesel,Depop,Vinted,pending
2026-06-24 22:14,2026-06-24,21:25,1349,1349 Adidas Baseball Hat,Vinted,Depop,pending
2026-06-24 23:42,2026-06-24,23:38,1223,1223 PING Golf Trucker Hat PING Golf,Depop,Vinted,pending
2026-06-24 23:42,2026-06-24,22:43,691,691 Real Tree Camo Trucker Hat,Vinted,Depop,pending
2026-06-25 02:53,2026-06-25,01:09,1271,1271 Garrett Metal Detectors Trucker Hat,Vinted,Depop,pending
2026-06-25 10:38,2026-06-25,08:51,1168,1168 Real Tree Camo Trucker Hat Mossy,Depop,Vinted,pending
2026-06-25 13:06,2026-06-25,12:14,1171,1171 Racing Trucker Hat Allen Walker Race,Depop,Vinted,pending
2026-06-25 13:06,2026-06-25,12:31,975,975 Real Tree Camo Baseball Hat Cabelas,Depop,Vinted,pending
2026-06-25 20:16,2026-06-25,18:33,878,878 Seattle Marines Baseball Hat MLB Pro,Depop,Vinted,pending
2026-06-25 23:43,2026-06-25,22:08,1208,1208 Ducks Unlimited Hunting Trucker Hat Ducks,Depop,Vinted,pending
2026-06-25 23:43,2026-06-25,22:13,,Vintage Trucker Hat,Vinted,Depop,pending
2026-06-25 23:43,2026-06-25,22:56,1382,1382 PING Golf Baseball Hat,Vinted,Depop,pending
2026-06-25 23:43,2026-06-25,23:39,18,18 Mossy Oak Real Tree Camo Trucker Hat,Vinted,Depop,pending
2026-06-26 01:04,2026-06-26,00:24,1226,1226 Realtree Shadow Grass Baseball Hat Plain,Depop,Vinted,pending
2026-06-26 05:25,2026-06-26,02:23,1358,1358 PING Golf Baseball Hat,Vinted,Depop,pending
2026-06-26 09:07,2026-06-26,06:30,1258,1258 Forrest Chevrolet Baseball Hat Forrest Chevrolet,Depop,Vinted,pending
2026-06-26 09:07,2026-06-26,06:35,1315,1315 Vegas Heat Softball Baseball Hat Nike,Depop,Vinted,pending
2026-06-26 09:07,2026-06-26,08:06,1310,1310 Ralph Lauren Polo Baseball Hat Polo,Depop,Vinted,pending
2026-06-26 12:14,2026-06-26,09:10,1255,1255 Realtree Camo Baseball Hat Realtree Camo,Depop,Vinted,pending
2026-06-26 12:14,2026-06-26,11:13,1189,1189 Real Tree Camo Trucker Hat,Vinted,Depop,pending
2026-06-26 14:23,2026-06-26,13:53,1331,1331 Dodge Ram Truck Baseball Hat Realtree,Depop,Vinted,pending
2026-06-26 18:22,2026-06-26,16:49,,Real Tree Camo Baseball Hat,Vinted,Depop,pending
2026-06-26 18:22,2026-06-26,18:11,502,502 Vintage Trucker Hat,Vinted,Depop,pending
2026-06-26 20:14,2026-06-26,19:22,90,90 Real Tree Camo Trucker Hat,Vinted,Depop,pending
2026-06-26 21:57,2026-06-26,21:05,1118,1118 Ford Racing Baseball Hat,Vinted,Depop,pending
2026-06-27 00:38,2026-06-27,00:32,,Real Tree Camo Baseball Hat,Vinted,Depop,pending
2026-06-27 09:14,2026-06-27,08:49,1224,1224 Vintage Colourblock Trucker Hat Vintage Colourblock,Depop,Vinted,pending
2026-06-27 09:14,2026-06-27,09:12,1327,1327 Chevrolet Racing Realtree Camo Baseball Hat,Vinted,Depop,pending
2026-06-27 11:25,2026-06-27,09:34,2,2 Bundle 2 items,Vinted,Depop,pending
2026-06-27 11:25,2026-06-27,10:08,1005,1005 Real Tree Camo Trucker Hat,Vinted,Depop,pending
2026-06-27 12:54,2026-06-27,12:45,1309,1309 Realtree Camo Trucker Hat Blank Hardwoods,Depop,Vinted,pending
2026-06-27 14:26,2026-06-27,14:17,1384,1384 Realtree Camo Trucker Hat,Vinted,Depop,pending
2026-06-27 16:02,2026-06-27,15:01,445,445 Vintage Trucker Hat,Vinted,Depop,pending
2026-06-27 19:48,2026-06-27,19:16,810,810 Real Tree Camo Trucker Hat Outdoor,Depop,Vinted,pending
2026-06-27 22:15,2026-06-27,21:08,1215,1215 Nike Space Jam Baseball Hat,Vinted,Depop,pending
2026-06-27 22:15,2026-06-27,21:22,1353,1353 Country Gal Camo Trucker Hat,Vinted,Depop,pending
2026-06-28 13:52,2026-06-28,12:33,1379,1379 Camo Baseball Hat B&L Mobile Home,Depop,Vinted,pending
2026-06-28 13:52,2026-06-28,12:33,1326,1326 Fire Department Realtree Camo Baseball Hat,Depop,Vinted,pending
2026-06-28 13:52,2026-06-28,13:28,423,423 Real Tree Camo Baseball Hat,Vinted,Depop,pending
2026-06-28 15:42,2026-06-28,15:01,233,233 Real Tree Camo Trucker Hat,Vinted,Depop,pending
2026-06-28 15:42,2026-06-28,15:01,1411,1411 Titleist Golf Hat,Vinted,Depop,pending
2026-06-28 16:58,2026-06-28,16:19,871,871 Nike Baseball Hat Embroidered Tick Club,Depop,Vinted,pending
2026-06-28 16:58,2026-06-28,16:43,1195,1195 NBA Baseball Hat Phoenix Suns Arizona,Depop,Vinted,pending
2026-06-28 16:58,2026-06-28,16:03,1210,1210 Campbell Fire Dept Trucker Hat,Vinted,Depop,pending
2026-06-28 18:21,2026-06-28,17:25,,Patagonia Baseball Hat,Vinted,Depop,pending
2026-06-28 20:59,2026-06-28,20:02,,Vintage Nike T-Shirt,Vinted,Depop,pending
2026-06-28 22:12,2026-06-28,21:30,1320,1320 Follow Jesus Trucker Hat,Vinted,Depop,pending
2026-06-28 22:12,2026-06-28,22:11,1288,1288 Cabela's Realtree Baseball Hat,Vinted,Depop,pending
2026-06-28 23:16,2026-06-28,22:28,1319,1319 PING Golf Hat PING Golf Tour,Depop,Vinted,pending
2026-06-29 12:30,2026-06-29,09:57,,Vintage Ecko Unlimited Track Jacket Unltd Rhino,Depop,Vinted,pending
2026-06-29 12:30,2026-06-29,10:06,198,198 Vintage Trucker Hat Sports Caps MTA,Depop,Vinted,pending
2026-06-29 16:00,2026-06-29,13:23,1289,1289 Budweiser Baseball Hat Budweiser Bud King,Depop,Vinted,pending
2026-06-29 16:00,2026-06-29,13:41,1286,1286 Sheriff Star Camo Baseball Hat RealTree,Depop,Vinted,pending
2026-06-29 16:00,2026-06-29,14:41,,Vintage Tribe Called Quest T-Shirt Hiphop Band,Depop,Vinted,pending
2026-06-29 18:45,2026-06-29,16:09,1307,1307 Realtree Camo Baseball Hat,Vinted,Depop,pending
2026-06-29 20:27,2026-06-29,19:34,,Real Tree Sling Side Bag Hunting Camo,Depop,Vinted,pending
2026-06-29 20:27,2026-06-29,20:00,,Vintage L.L.Bean Over Shirt OverShirt Fleece Lined,Depop,Vinted,pending
2026-06-29 23:20,2026-06-29,23:06,958,958 Vintage Trucker Hat USS Nautilus Ship,Depop,Vinted,pending
2026-06-29 23:20,2026-06-29,22:29,,Vintage Trucker Hat,Vinted,Depop,pending
2026-06-30 09:55,2026-06-30,08:36,1323,1323 Nascar Trucker Hat Racing 500 Florida,Depop,Vinted,pending
2026-06-30 09:55,2026-06-30,07:18,4,4 Bundle 4 items,Vinted,Depop,pending
2026-06-30 09:55,2026-06-30,07:37,894,894 Real Tree Camo Trucker Hat,Vinted,Depop,pending
2026-06-30 14:31,2026-06-30,12:58,1153,1153 Real Tree Camo Trucker Hat Beer,Depop,Vinted,pending
2026-06-30 21:21,2026-06-30,21:01,1241,1241 Callaway Golf Hat,Vinted,Depop,pending
2026-06-30 22:53,2026-06-30,21:36,,Oakley Trucker Hat,Vinted,Depop,pending
2026-07-01 12:53,2026-07-01,09:59,1197,1197 PING Golf Hat PING Golf Tour,Depop,Vinted,pending
2026-07-01 15:16,2026-07-01,13:33,,Real Tree Sling Side Bag Hunting Camo,Depop,Vinted,pending
2026-07-01 15:16,2026-07-01,13:37,1296,1296 Titleist Golf Hat,Vinted,Depop,pending
2026-07-01 15:16,2026-07-01,14:59,1414,1414 WSPSS Wisconsin Trucker Hat,Vinted,Depop,pending
2026-07-01 19:32,2026-07-01,17:54,248,248 Real Tree Camo Baseball Hat Real,Depop,Vinted,pending
2026-07-01 21:28,2026-07-01,20:03,1308,1308 RealTree Camo Baseball Hat Blank Country,Depop,Vinted,pending
2026-07-01 23:05,2026-07-01,21:27,1409,1409 MLB New York Yankees Baseball Hat,Vinted,Depop,pending
2026-07-01 23:05,2026-07-01,21:38,1416,1416 Cabela's Realtree Camo Baseball Hat,Vinted,Depop,pending
2026-07-02 00:39,2026-07-01,23:10,,Real Tree Camo Baseball Hat Embroidered SeaCargo,Depop,Vinted,pending
2026-07-02 00:39,2026-07-02,00:33,128,128 Real Tree Camo Baseball Hat,Vinted,Depop,pending
2026-07-02 16:31,2026-07-02,15:44,1211,1211 LA Corduroy Baseball Hat Los Angeles,Depop,Vinted,pending
2026-07-02 18:13,2026-07-02,17:15,21,21 Mossy Oak Real Tree Camo Baseball Hat,Vinted,Depop,pending
2026-07-02 21:11,2026-07-02,20:41,,MLB Baseball Hat,Vinted,Depop,pending
2026-07-02 22:33,2026-07-02,21:18,1427,1427 NCAA Texas Longhorns Baseball Hat Texas,Depop,Vinted,pending
2026-07-03 09:24,2026-07-03,06:34,1245,1245 Swagelok Industrial Trucker Hat Swagelok Whitey,Depop,Vinted,pending
2026-07-03 16:24,2026-07-03,14:43,1342,1342 Titleist Golf Baseball Hat Titleist Golf,Depop,Vinted,pending
2026-07-03 16:24,2026-07-03,14:48,1394,1394 GMC Cadillac Buick Camo Baseball Hat,Depop,Vinted,pending
2026-07-03 16:24,2026-07-03,14:09,1297,1297 Callaway Speed Regime Golf Hat,Vinted,Depop,pending
2026-07-03 17:53,2026-07-03,17:29,1355,1355 Adidas Baseball Hat Adidas Three Stripes,Depop,Vinted,pending
2026-07-03 19:08,2026-07-03,18:18,1393,1393 MLB New York Yankees Baseball Hat,Depop,Vinted,pending
2026-07-03 21:47,2026-07-03,21:02,1114,1114 Real Tree Camo Trucker Hat,Vinted,Depop,pending
2026-07-04 00:51,2026-07-03,23:58,,T-2 Vintage Ringer T-Shirt,Vinted,Depop,pending
2026-07-04 11:26,2026-07-04,11:23,1268,1268 Titleist Golf Hat Titleist Golf Tour,Depop,Vinted,pending
2026-07-04 11:26,2026-07-04,10:04,,T-10 Vintage Property Of Jesus T-Shirt,Vinted,Depop,pending
2026-07-04 11:26,2026-07-04,10:58,,Cleveland Indians Baseball Hat,Vinted,Depop,pending
2026-07-04 12:52,2026-07-04,12:38,1352,1352 Realtree Distressed Baseball Hat Mossy Oak,Depop,Vinted,pending
2026-07-04 14:03,2026-07-04,12:52,,Portland Trailblazers Baseball Hat,Vinted,Depop,pending
2026-07-04 14:03,2026-07-04,13:10,1401,1401 Callaway Golf Hat,Vinted,Depop,pending
2026-07-04 15:43,2026-07-04,14:09,257,257 Real Tree Camo Trucker Hat,Vinted,Depop,pending
2026-07-04 16:48,2026-07-04,15:55,,Vintage Trucker Hat,Vinted,Depop,pending
2026-07-04 17:45,2026-07-04,17:07,,Vintage Polo Ralph Lauren Cargo Shorts Y2K,Depop,Vinted,pending
2026-07-04 17:45,2026-07-04,17:10,,Polo Ralph Lauren Rugby Shirt Slim Fit,Depop,Vinted,pending
2026-07-04 22:08,2026-07-04,21:46,1395,1395 Hunting Season Trucker Hat,Vinted,Depop,pending
2026-07-05 00:13,2026-07-04,23:56,,Vintage Trucker Hat Farming Equipment Iowa 80s,Depop,Vinted,pending
2026-07-05 00:13,2026-07-04,23:26,1219,1219 Titleist Golf Hat,Vinted,Depop,pending
2026-07-05 12:42,2026-07-05,11:04,1341,1341 Bud Light Baseball Hat Bud Light,Depop,Vinted,pending
2026-07-05 12:42,2026-07-05,11:38,821,821 MLB Baseball Hat,Vinted,Depop,pending
2026-07-05 12:42,2026-07-05,12:05,,The Muppets Graphic T-Shirt,Vinted,Depop,pending
2026-07-05 13:54,2026-07-05,12:47,,Vintage Vikings T-Shirt AOP Minnesota Vikings Pro,Depop,Vinted,pending
2026-07-05 13:54,2026-07-05,13:42,,Vintage Jesus Graphic T-Shirt,Vinted,Depop,pending
2026-07-05 15:40,2026-07-05,14:35,1389,1389 Firestone Tennessee Gun Dealer Trucker Hat,Vinted,Depop,pending
2026-07-05 19:03,2026-07-05,18:10,822,822 Bass Pro Shops Trucker Hat,Vinted,Depop,pending
2026-07-05 20:40,2026-07-05,20:16,1386,1386 TaylorMade Golf Baseball Hat,Vinted,Depop,pending
2026-07-06 02:27,2026-07-06,01:16,1436,1436 Richardson Pink Camo Baseball Hat,Vinted,Depop,pending
2026-07-06 02:27,2026-07-06,01:58,968,968 Vintage Trucker Hat,Vinted,Depop,pending
2026-07-06 11:57,2026-07-06,10:18,1433,1433 Titleist Faded Baseball Hat,Vinted,Depop,pending
2026-07-06 11:57,2026-07-06,10:35,1396,1396 RedHead Realtree Camo Baseball Hat,Vinted,Depop,pending
2026-07-06 15:30,2026-07-06,14:09,1022,1022 Real Tree Camo Trucker Hat Polaris,Depop,Vinted,pending
2026-07-06 15:30,2026-07-06,14:13,1219,1219 Titleist Golf Hat Titleist Golf Pro,Depop,Vinted,pending
2026-07-06 15:30,2026-07-06,12:45,1216,1216 Patagonia Cadet Hat,Vinted,Depop,pending
2026-07-06 15:30,2026-07-06,15:15,1150,1150 Vintage Music Trucker Hat,Vinted,Depop,pending
2026-07-06 18:25,2026-07-06,16:51,1204,1204 MLB Tigers Camo Baseball Hat Detroit,Depop,Vinted,pending
2026-07-06 18:25,2026-07-06,17:15,1285,1285 RealTree Baseball Hat Whispering Emerald Ridge,Depop,Vinted,pending
2026-07-06 18:25,2026-07-06,17:45,,Vintage Trucker Hat Embroidered VTG Graphic 80s,Depop,Vinted,pending
2026-07-06 18:25,2026-07-06,17:52,354,354 Real Tree Camo Baseball Hat,Vinted,Depop,pending
2026-07-06 20:16,2026-07-06,19:06,,Pittsburgh Pirates Baseball Hat Tiger Print Embroidered,Depop,Vinted,pending
2026-07-06 20:16,2026-07-06,18:48,809,809 Real Tree Camo Baseball Hat,Vinted,Depop,pending
2026-07-06 20:16,2026-07-06,20:12,1390,1390 Carhartt Trucker Hat,Vinted,Depop,pending
2026-07-06 22:04,2026-07-06,20:48,836,836 Adidas Zurich Baseball Hat Football Stripes,Depop,Vinted,pending
2026-07-07 09:46,2026-07-07,09:10,,Vintage Aztec Jumper Liz Wear Navajo Classic,Depop,Vinted,pending
2026-07-07 09:46,2026-07-07,07:43,1455,1455 Carhartt Military Style Hat,Vinted,Depop,pending
2026-07-07 12:34,2026-07-07,12:19,1458,1458 Fire Dept Satin Trucker Hat,Vinted,Depop,pending
2026-07-07 14:50,2026-07-07,12:57,2,2 Bundle 2 items,Vinted,Depop,pending
2026-07-07 17:13,2026-07-07,15:18,,Vintage Bomber Jacket King Louie Pro Fit,Depop,Vinted,pending
2026-07-07 17:13,2026-07-07,15:52,,Nike Baseball Hat Tick Swooch America Cap,Depop,Vinted,pending
2026-07-07 17:13,2026-07-07,16:47,,T-22 Vintage Flecktarn Camo T-Shirt,Vinted,Depop,pending
2026-07-07 23:47,2026-07-07,23:17,98,98 Real Tree Camo Baseball Hat,Vinted,Depop,pending
2026-07-08 00:41,2026-07-07,23:51,,San Francisco Giants Baseball Hat,Vinted,Depop,pending
2026-07-08 02:12,2026-07-08,01:05,,Vintage Nike T-Shirt Y2K Silver Tag Small,Depop,Vinted,pending
2026-07-08 05:34,2026-07-08,04:50,,Vintage RealTree T-Shirt Y2K College Camo Camouflage,Depop,Vinted,pending
2026-07-08 05:34,2026-07-08,04:51,355,355 Real Tree Camo Trucker Hat Chase,Depop,Vinted,pending
2026-07-08 08:11,2026-07-08,06:38,850,850 Real Tree Camo Trucker Hat Outdoor,Depop,Vinted,pending
2026-07-08 08:11,2026-07-08,07:01,1009,1009 Vintage NASCAR Trucker Hat 90's JEFF,Depop,Vinted,pending
2026-07-08 08:11,2026-07-08,07:05,924,924 Real Tree Camo Trucker Hat Mountain,Depop,Vinted,pending
2026-07-08 08:11,2026-07-08,07:05,255,255 Vintage Ford Trucker Hat Dealership Truck,Depop,Vinted,pending
2026-07-08 08:11,2026-07-08,07:06,1063,1063 Vintage Trucker Hat Cobra Caps Summer,Depop,Vinted,pending
2026-07-08 08:11,2026-07-08,07:24,1164,1164 Real Tree Camo Trucker Hat Christian,Depop,Vinted,pending
2026-07-08 08:11,2026-07-08,07:25,1027,1027 Vintage Cord Trucker Hat Colorado Patch,Depop,Vinted,pending
2026-07-08 08:11,2026-07-08,07:39,936,936 NY Yankees Baseball Hat New Era,Depop,Vinted,pending
2026-07-08 08:11,2026-07-08,08:10,1301,1301 Blackwell Baldwin Chevrolet Trucker Hat Blackwell,Depop,Vinted,pending
2026-07-08 10:38,2026-07-08,08:17,309,309 Vintage Trucker Hat Caps Hawaii Floral,Depop,Vinted,pending
2026-07-08 10:38,2026-07-08,09:22,11,11 Vintage NBA Baseball Hat Pheonix Suns,Depop,Vinted,pending
2026-07-08 10:38,2026-07-08,09:30,,Polo Ralph Lauren Rugby Shirt Duel Pony,Depop,Vinted,pending
2026-07-08 10:38,2026-07-08,10:24,1180,1180 Jasper Racing Baseball Hat Race Tools,Depop,Vinted,pending
2026-07-08 12:29,2026-07-08,11:51,183,183 Real Tree Camo Trucker Hat Shooters,Depop,Vinted,pending
2026-07-08 12:29,2026-07-08,12:01,999,999 Real Tree Camo Baseball Hat,Vinted,Depop,pending
2026-07-08 14:11,2026-07-08,12:51,,Vintage Levis Carpenter Jorts 550 Red Tab,Depop,Vinted,pending
2026-07-08 14:11,2026-07-08,13:05,,Vintage Champion Sweatshirt College Michigan Wolverines 90s,Depop,Vinted,pending
2026-07-08 14:11,2026-07-08,13:26,,Vintage Jester Rugby Shirt Cotton Style Colourblock,Depop,Vinted,pending
2026-07-08 14:11,2026-07-08,13:59,,Oakley Baseball Hat Oakley Softwear Fitted Snowboarding,Depop,Vinted,pending
2026-07-08 16:34,2026-07-08,14:26,510,510 Vintage Trucker Hat Universal Studios Film,Depop,Vinted,pending
2026-07-08 16:34,2026-07-08,15:06,,T-37 Vintage Xbox Logo T-Shirt Xbox Microsoft,Depop,Vinted,pending
2026-07-08 16:34,2026-07-08,15:10,677,677 Vintage Trucker Hat Tequila Alcohol Whiskey,Depop,Vinted,pending
2026-07-08 16:34,2026-07-08,15:17,1178,1178 Real Tree Camo Trucker Hat Chevy,Depop,Vinted,pending
2026-07-08 16:34,2026-07-08,15:21,1253,1253 Kappa Baseball Hat Kappa Omini Logo,Depop,Vinted,pending
2026-07-08 16:34,2026-07-08,15:41,,Real Tree Sling Side Bag Hunting Camo,Depop,Vinted,pending
2026-07-08 16:34,2026-07-08,15:49,1368,1368 Budweiser Baseball Hat Budweiser Bud King,Depop,Vinted,pending
2026-07-08 16:34,2026-07-08,14:26,,T-5 Vintage Budweiser T-Shirt,Vinted,Depop,pending
2026-07-08 19:40,2026-07-08,19:08,1012,1012 Real Tree Camo Trucker Hat Ger,Depop,Vinted,pending
2026-07-08 21:10,2026-07-08,20:21,1302,1302 Budweiser Bud Racing Baseball Hat Budweiser,Depop,Vinted,pending
2026-07-08 21:10,2026-07-08,20:39,1050,1050 Vintage Trucker Hat Christian Wresting College,Depop,Vinted,pending
2026-07-08 22:31,2026-07-08,21:31,111,111 Real Tree Camo Baseball Hat NASCAR,Depop,Vinted,pending
2026-07-08 22:31,2026-07-08,21:44,,Vintage Yankees Sweatshirt USA Lee Sport New,Depop,Vinted,pending
2026-07-08 22:31,2026-07-08,21:55,907,907 Nike Baseball Hat,Vinted,Depop,pending
2026-07-08 22:31,2026-07-08,22:21,1443,1443 Columbia Trucker Hat,Vinted,Depop,pending
2026-07-09 02:18,2026-07-09,00:58,1,1 Vintage Trucker Hat Special Dispatch Truck,Depop,Vinted,pending
2026-07-09 06:13,2026-07-09,03:23,,T-44 Vintage US Army T-Shirt,Vinted,Depop,pending
2026-07-09 12:44,2026-07-09,12:05,931,931 Baltimore Orioles Baseball Hat MLB Pro,Depop,Vinted,pending
2026-07-09 17:45,2026-07-09,17:18,1450,1450 Bass Pro Shops Club Baseball Hat,Depop,Vinted,pending
2026-07-10 09:33,2026-07-10,08:12,965,965 Real Tree Camo Trucker Hat Camouflage,Depop,Vinted,pending
2026-07-10 14:30,2026-07-10,14:14,1259,1259 Reebok Blacktop Snapback Hat Reebok Blacktop,Depop,Vinted,pending
2026-07-10 21:46,2026-07-10,20:45,1464,1464 Mountain State Realtree Baseball Hat Mountain,Depop,Vinted,pending
2026-07-10 21:46,2026-07-10,21:10,699,699 Vintage Trucker Hat Northwood Boats Sea,Depop,Vinted,pending
2026-07-11 05:27,2026-07-11,02:45,,Vintage Harley Davidson T-Shirt VTG Biker Motorcycle,Depop,Vinted,pending
2026-07-12 17:29,2026-07-12,17:03,1381,1381 Dominican Republic Trucker Hat Dominican Republic,Depop,Vinted,pending
2026-07-13 08:53,2026-07-13,06:06,,Vintage Chevrolet T-Shirt Car Chevy Truck Racing,Depop,Vinted,pending
2026-07-13 19:02,2026-07-13,17:19,,T-54 Independent Truck Company T-Shirt Independent Truck,Depop,Vinted,pending
2026-07-13 21:43,2026-07-13,21:19,1345,1345 Fishing Trucker Hat Ditto Products Fishing,Depop,Vinted,pending
2026-07-14 17:14,2026-07-14,17:01,,T-57 Vintage Hanes Blank T-Shirt Hanes Beefy,Depop,Vinted,pending
2026-07-14 19:45,2026-07-14,19:07,1419,1419 Crown Cadillac Oldsmobile Nissan Trucker Hat,Depop,Vinted,pending
2026-07-15 16:00,2026-07-15,15:30,896,896 Vintage Trucker Hat Nissun Bee Solomon,Depop,Vinted,pending
2026-07-15 18:54,2026-07-15,17:55,1430,1430 SBX-1 Sea Based Baseball Hat SBX-1,Depop,Vinted,pending
2026-07-15 21:17,2026-07-15,20:28,,Vintage Nike Track Jacket Nylon Colourblock Embroidered,Depop,Vinted,pending
2026-07-16 10:00,2026-07-16,09:35,1480,1480 RedHead Realtree Baseball Hat RedHead Bass,Depop,Vinted,pending
2026-07-16 12:06,2026-07-16,11:30,,T-67 Vintage Jesus Left The Building T-Shirt,Depop,Vinted,pending
2026-07-16 21:39,2026-07-16,21:38,,Vintage Horse T-Shirt VTG Screen Stars Stallion,Depop,Vinted,pending
