date,time,sku,title,platform,price,fee
2026-01-02,13:09,,Vintage Mickey Mouse Jumper Embroidered Logo Disney,Depop,25.00,1.13
2026-01-02,21:21,,Vintage Air Force Sweatshirt US Army Navy,Depop,15.00,0.84
2026-01-04,10:55,,Real Tree Camo Baseball Hat Black Eagle,Depop,16.00,0.87
2026-01-04,11:53,,Real Tree Camo Baseball Hat Mossy Oak,Depop,18.00,0.92
2026-01-04,13:30,,Real Tree Camo Baseball Hat Curtis Trailers,Depop,15.00,0.84
2026-01-04,20:58,,Dickies Shirt Jacket Workwear Work Y2K Tartan,Depop,25.60,1.14
2026-01-05,07:25,,Vintage Rugby Shirt Buckler Polo Long Sleeve,Depop,17.00,0.89
2026-01-05,15:07,,Lee Denim Jacket Storm Rider Blanket Liner,Depop,40.00,1.56
2026-01-05,19:30,,Vintage Detroit Jacket Wyoming FullZip Lightweight Cord,Depop,25.00,1.13
2026-01-05,21:01,,Real Tree Camo Trucker Hat Cap America,Depop,11.50,0.74
2026-01-06,09:33,,Vintage World Series Sweatshirt MLB Baseball Toronto,Depop,33.00,1.36
2026-01-06,12:00,,Columbia Rain Coat Y2K 00s Anorak 90s,Depop,10.00,0.69
2026-01-06,14:42,,Vintage Aztec Sweatshirt 90s Patterned AOP Navajo,Depop,30.00,1.27
2026-01-06,21:51,,Patagonia Baseball Hat Outdoor Hiking Tech Patch,Depop,20.00,0.98
2026-01-07,10:05,,Vintage College Sweatshirt The Game Duke Varsity,Depop,15.00,0.84
2026-01-07,12:14,,Real Tree Camo Baseball Hat Outdoor Caps,Depop,10.00,0.69
2026-01-08,16:14,,Diesel Denim Jacket Corduroy Cord Leather Collar,Depop,21.25,1.02
2026-01-08,22:00,,College Bomber Jacket Jonny Macs Letterman Sports,Depop,32.00,1.33
2026-01-09,11:53,,Polo Ralph Lauren Harrington Jacket Hooded Vintage,Depop,29.75,1.26
2026-01-09,17:26,,Marmot Rain Coat Goretex Y2K 00s Rain,Depop,21.25,1.02
2026-01-10,11:06,,Vintage Racing Baseball Hat R6 Car Racing,Depop,14.00,0.81
2026-01-11,11:20,,Skechers Baseball Hat Embroidered VTG Sports Training,Depop,12.00,0.75
2026-01-11,18:33,,1970s YMCA Lightweight Anorak Sports Collar Vintage,Depop,14.00,0.81
2026-01-11,21:03,,Dickies Active Jacket Vintage Workwear Work Quilt,Depop,35.00,1.42
2026-01-11,23:27,,The North Face Hyvent Jacket Nylon Full-Zip,Depop,40.00,1.56
2026-01-12,18:49,,Vintage L.L.Bean Jumper Eagle Crest Embroidered Logo,Depop,12.00,0.75
2026-01-13,09:05,,Golden State Warriors Baseball Hat Adidas Trefoil,Depop,20.00,0.98
2026-01-14,06:27,,Alpha Industries Bomber Jacket Coat Cropped Jacket,Depop,35.10,1.42
2026-01-14,17:19,,Dickies Shirt Jacket Workwear Work Y2K Tartan,Depop,32.00,1.33
2026-01-14,17:48,,MLB Baseball Hat Detroit Tigers World Series,Depop,14.00,0.81
2026-01-14,20:24,,Carhartt Rain Jacket Vintage Full-Zip Workwear Work,Depop,10.00,0.69
2026-01-15,03:09,,Vintage Harrington Jacket Uniwear Workwear Work Lightweight,Depop,17.00,0.89
2026-01-15,23:29,,Vintage Ralph Lauren Hoodie P-Wing Polo Ralph,Depop,18.00,0.92
2026-01-16,10:57,,Dickies Harrington Jacket Workwear Work Lightweight Canvas,Depop,30.00,1.27
2026-01-16,18:51,,Real Tree Camo Baseball Hat Ridge Runners,Depop,15.00,0.84
2026-01-16,18:52,,Real Tree Camo Baseball Hat Cobra Caps,Depop,12.00,0.75
2026-01-16,18:53,,Patagonia Nano Puffer Coat Y2K 00s Puffer,Depop,62.50,2.21
2026-01-16,22:09,,Blue Harbour Rugby Shirt Vintage Polo Striped,Depop,22.00,1.95
2026-01-17,15:07,,Real Tree Camo Baseball Hat Menards Hunting,Depop,10.00,0.69
2026-01-17,19:01,,Vintage Rugby Shirt Front Row Colourblock Polo,Depop,19.00,0.95
2026-01-18,14:09,,Real Tree Camo Baseball Hat Signatures Hunting,Depop,11.00,0.72
2026-01-18,17:28,,NY Yankees Baseball Hat MLB New York,Depop,25.50,1.14
2026-01-18,20:07,,Vintage USA T-Shirt VTG Graphic Native Navaho,Depop,15.00,0.84
2026-01-18,21:04,,Vintage Eagle Trucker Hat Biker 2005 Sturgis,Depop,20.00,0.98
2026-01-18,22:44,,Lacoste Puffer Jacket Coat Ski Full-Zip Y2K,Depop,29.00,1.24
2026-01-21,00:09,,Vintage ARMY Hoodie Reverse Weave College US,Depop,30.00,1.27
2026-01-21,13:33,,Vintage Levis Denim Shirt 70s Orange Tab,Depop,50.00,1.85
2026-01-21,20:18,,Dickies Harrington Jacket Quilt Lining Workwear Work,Depop,25.00,1.66
2026-01-23,15:41,,Real Tree Camo Baseball Hat Cap America,Depop,10.00,0.69
2026-01-24,05:43,,Ralph Lauren Polo Sport Fleece Pullover Half-Zip,Depop,24.00,1.1
2026-01-24,12:25,,Vintage Trucker Hat Electric Electrician 80s American,Depop,22.00,1.04
2026-01-25,17:59,,L.L.Bean Bomber Jacket Warm-Up Coat Rain Jacket,Depop,28.00,1.21
2026-01-25,18:55,,Real Tree Camo Baseball Hat Toyota Tundra,Depop,11.50,0.74
2026-01-25,19:01,,Vintage Active Jacket Workwear Work Quilt Lined,Depop,27.00,1.18
2026-01-25,19:21,,Real Tree Camo Trucker Hat Fishing Born,Depop,16.00,0.87
2026-01-25,21:20,,Denver Broncos Baseball Hat Cord Corduroy Embroidered,Depop,32.00,1.33
2026-01-25,21:22,,Remington Baseball Hat Hunting Outdoors Vintage Workwear,Depop,14.40,0.82
2026-01-26,19:04,,North Face Puffer Jacket Extreme National Ski,Depop,75.00,2.58
2026-01-26,19:57,,Nike Golf Heavy Jacket Harrington Bomber Collared,Depop,28.00,1.21
2026-01-26,20:06,,Real Tree Camo Trucker Hat,Vinted,20.00,
2026-01-26,21:58,,Nike England Rugby Shirt,Vinted,35.00,
2026-01-26,23:07,,Vintage USMC Sweatshirt,Vinted,15.30,
2026-01-26,23:59,,Vintage Trucker Hat,Vinted,14.00,
2026-01-27,10:35,,Vintage Cleveland Cavs Sweatshirt Cotton Grove 90s,Depop,24.30,1.11
2026-01-27,10:53,,Real Tree Camo Baseball Hat USA Flag,Depop,7.20,0.61
2026-01-27,13:31,,Woolrich Shirt Jacket,Vinted,20.00,
2026-01-27,14:08,,Real Tree Camo Baseball Hat,Vinted,16.50,
2026-01-27,15:23,,Real Tree Sling Side Bag,Vinted,8.99,
2026-01-27,15:30,,Vintage Super Bowl Sweatshirt,Vinted,20.00,
2026-01-27,18:02,,Vintage Civil War Sweatshirt,Vinted,23.80,
2026-01-27,18:52,,Timberland Denim Jacket,Vinted,22.00,
2026-01-27,19:00,,Polo Ralph Lauren GBR Polo Shirt Embroidered,Depop,30.00,1.27
2026-01-27,20:02,,Real Tree Tote Bag,Vinted,6.99,
2026-01-27,21:13,,Dickies Harrington Jacket,Vinted,37.55,
2026-01-27,22:05,,Real Tree Tote Bag,Vinted,10.99,
2026-01-27,23:19,,Vintage Harley Davidson Hoodie Spellout Eagle Nashville,Depop,20.00,1.46
2026-01-27,23:22,,Real Tree Camo Baseball Hat Nissun Trucker,Depop,10.50,0.71
2026-01-27,23:54,,Real Tree Camo Baseball Hat Socialist Mossy,Depop,14.60,0.82
2026-01-27,23:55,,Real Tree Camo Baseball Hat,Vinted,14.00,
2026-01-28,01:16,,Real Tree Camo Baseball Hat,Vinted,14.00,
2026-01-28,12:20,,AMP Energy Baseball Hat,Vinted,15.30,
2026-01-28,12:42,,Nike Golf Hat Swoosh Tiger Woods Patch,Depop,18.00,0.92
2026-01-28,14:15,,Vintage Baseball Hat,Vinted,13.00,
2026-01-28,20:13,,Real Tree Camo Baseball Hat,Vinted,13.60,
2026-01-28,21:02,,Real Tree Camo Baseball Hat,Vinted,18.00,
2026-01-28,21:05,,Vintage Marlboro Chore Coat,Vinted,35.00,
2026-01-28,22:18,,Real Tree Camo Baseball Hat,Vinted,14.00,
2026-01-28,23:22,,Dickies Harrington Jacket Quilt Lining Workwear Work,Depop,20.00,0.98
2026-01-29,00:12,,Real Tree Sling Side Bag,Vinted,7.64,
2026-01-29,09:49,,Vintage LandsEnd Fleece,Vinted,9.00,
2026-01-29,10:39,,Vintage Eagle Trucker Hat,Vinted,25.00,
2026-01-29,16:40,,Levis Bomber Jacket Red Tab Harrington Aviation,Depop,29.00,1.24
2026-01-29,22:10,,Vintage Trucker Hat,Vinted,20.00,
2026-01-29,22:16,,Vintage Police Sweatshirt Fruit Of The Loom,Depop,20.00,0.98
2026-01-29,22:32,,Oakland Athletics A’s Baseball Hat,Vinted,12.00,
2026-01-29,23:40,,Real Tree Camo Baseball Hat,Vinted,10.20,
2026-01-30,00:02,,Real Tree Camo Baseball Hat,Vinted,20.00,
2026-01-30,12:51,,Walls Active Jacket Workwear Work Quilt Lined,Depop,22.00,1.04
2026-01-30,17:06,,Real Tree Sling Side Bag,Vinted,8.99,
2026-01-30,18:51,,Real Tree Camo Baseball Hat,Vinted,15.00,
2026-01-30,23:27,,Vintage Martin Luther King Sweatshirt,Vinted,20.00,
2026-01-30,23:58,,Real Tree Camo Baseball Hat,Vinted,25.00,
2026-01-31,00:15,,Real Tree Sling Side Bag Hunting Camo,Depop,8.99,0.66
2026-01-31,01:04,,Real Tree Camo Trucker Hat,Vinted,14.00,
2026-01-31,10:14,,Real Tree Camo Baseball Hat,Vinted,12.00,
2026-01-31,18:04,,Nike Baseball Hat,Vinted,18.00,
2026-01-31,19:46,,Real Tree Sling Side Bag Hunting Camo,Depop,6.00,0.58
2026-01-31,21:38,,Real Tree Camo Baseball Hat,Vinted,20.00,
2026-02-01,11:16,,Dickies Harrington Jacket,Vinted,25.00,
2026-02-01,11:20,,ScreenStars Virginia State Police USA 1991 90s,Depop,25.00,1.11
2026-02-01,11:29,,Camel Chore Coat,Vinted,25.00,
2026-02-01,12:15,,Vintage Eskimo Jumper Breckwold Embroidered Wolf Ice,Depop,22.00,1.04
2026-02-01,12:47,,Minnesota Wild Baseball Hat 47 NHL Team,Depop,13.00,0.78
2026-02-01,12:51,,Patagonia Rain Jacket,Vinted,27.00,
2026-02-01,14:19,3,3 Bundle 3 items,Vinted,25.00,
2026-02-01,15:46,,Nike Running Hat Coca-Cola Heritage 86 Big,Depop,12.00,0.75
2026-02-01,16:31,,Vintage Reebok Shirt,Vinted,20.00,
2026-02-01,18:36,,Vintage Nike Track Jacket,Vinted,20.00,
2026-02-01,18:52,,Levis Denim Jacket,Vinted,21.25,
2026-02-01,18:58,,Real Tree Sling Side Bag Hunting Camo,Depop,6.00,0.58
2026-02-01,21:10,,Vintage Diesel Racing Jacket Hip-Hop Biker Y2K,Depop,34.00,1.39
2026-02-01,21:36,,Real Tree Sling Side Bag,Vinted,8.99,
2026-02-02,00:09,,Real Tree Camo Baseball Hat,Vinted,20.00,
2026-02-02,00:18,,Real Tree Camo Baseball Hat,Vinted,8.00,
2026-02-02,00:30,,L.L.Bean Bomber Jacket 80s 90s Lightweight Lined,Depop,40.00,1.56
2026-02-02,09:02,,Real Tree Camo Baseball Hat,Vinted,18.00,
2026-02-02,10:50,,Boston Red Sox Baseball Hat,Vinted,12.00,
2026-02-02,16:46,,Vintage Nike Hoodie,Vinted,28.00,
2026-02-02,18:18,,Real Tree Sling Side Bag,Vinted,7.20,
2026-02-02,22:06,,Vintage The North Face Mountain Jacket,Vinted,85.00,
2026-02-02,23:06,,Disney Mickey Mouse Hat,Vinted,10.00,
2026-02-02,23:46,,Nike Gilet Jacket Y2K Puffer Heavy-Weight Sportswear,Depop,26.70,1.18
2026-02-03,02:07,,Columbia Harrington Jacket Sportswear Bomber Aviation Workwear,Depop,29.00,1.24
2026-02-03,06:09,,Nike Running Hat,Vinted,11.00,
2026-02-03,15:30,,Vintage US Navy Hoodie Soffe College US,Depop,18.00,0.92
2026-02-03,19:25,,College Baseball Hat,Vinted,12.00,
2026-02-03,22:06,,Real Tree Sling Side Bag,Vinted,8.99,
2026-02-04,08:21,,Vintage Nike Track Jacket Nylon Spellout Embroidered,Depop,22.00,1.04
2026-02-04,09:36,,Real Tree Camo Trucker Hat,Vinted,15.00,
2026-02-04,15:43,,Real Tree Camo Baseball Hat,Vinted,10.80,
2026-02-04,17:51,,Real Tree Camo Baseball Hat Ford Built,Depop,16.00,0.87
2026-02-04,18:09,,Real Tree Sling Side Bag,Vinted,8.99,
2026-02-04,18:20,,Real Tree Camo Baseball Hat Love At,Depop,20.00,0.98
2026-02-04,18:41,,Real Tree Sling Side Bag,Vinted,8.99,
2026-02-04,19:22,,Columbia Anorak Coat Y2K 00s Rain Hooded,Depop,25.00,1.13
2026-02-04,20:58,,Real Tree Camo Trucker Hat,Vinted,22.00,
2026-02-04,22:42,,Real Tree Camo Trucker Hat,Vinted,10.00,
2026-02-05,00:08,,80s Coach Harrington Jacket,Vinted,18.00,
2026-02-05,09:43,,Real Tree Sling Side Bag,Vinted,8.99,
2026-02-05,11:49,,Vintage Champion Hoodie,Vinted,19.00,
2026-02-05,16:03,,Real Tree Camo Baseball Hat,Vinted,15.00,
2026-02-05,17:35,,Nike True Baseball Hat,Vinted,12.00,
2026-02-05,17:40,,Real Tree Camo Baseball Hat College Penn,Depop,11.00,0.72
2026-02-05,17:58,,Real Tree Camo Trucker Hat,Vinted,16.00,
2026-02-05,18:35,,Real Tree Camo Baseball Hat K Products,Depop,14.00,0.81
2026-02-05,18:44,,Timberland Baseball Hat,Vinted,11.00,
2026-02-05,18:49,,Real Tree Sling Side Bag Hunting Camo,Depop,6.00,0.58
2026-02-05,20:33,,GAP Harrington Jacket Y2K Lightweight Collared Lightweight,Depop,20.00,0.98
2026-02-05,22:03,,Vintage US Navy Sweatshirt Soffe Air Force,Depop,18.00,0.92
2026-02-05,22:03,,NBA Baseball Hat,Vinted,13.00,
2026-02-06,00:24,,Adidas Baseball Hat,Vinted,12.00,
2026-02-06,02:02,,Real Tree Camo Baseball Hat Mossy Oak,Depop,20.00,0.98
2026-02-06,10:58,,Vintage Trucker Hat Otto Tree Forest VTG,Depop,12.00,0.75
2026-02-06,11:19,,Real Tree Sling Side Bag,Vinted,8.99,
2026-02-06,12:08,,Real Tree Camo Baseball Hat,Vinted,12.00,
2026-02-06,13:14,,Quicksilver Trucker Hat,Vinted,10.00,
2026-02-06,13:21,,Vintage Trucker Hat Otto Caps NASCAR Stars,Depop,14.00,0.81
2026-02-06,13:45,,Real Tree Sling Side Bag,Vinted,8.99,
2026-02-06,20:38,,Real Tree Camo Baseball Hat,Vinted,22.00,
2026-02-06,21:54,,Real Tree Camo Trucker Hat,Vinted,16.00,
2026-02-07,08:15,,Real Tree Camo Trucker Hat,Vinted,17.00,
2026-02-07,19:39,,Milwaukee Brewers Baseball Hat,Vinted,14.00,
2026-02-07,20:21,,Supreme Jacket Tape Seam SS18 2018 Anorak,Depop,72.00,2.49
2026-02-08,01:21,,Real Tree Sling Side Bag Hunting Camo,Depop,8.99,1.63
2026-02-08,08:14,,Vintage Trucker Hat Pebbles Beach Rope Tourist,Depop,12.00,0.75
2026-02-08,13:36,,Dodge Motorsport Baseball Hat,Vinted,20.00,
2026-02-08,17:53,,Vintage Trucker Hat,Vinted,12.00,
2026-02-08,20:36,,Vintage Trucker Hat,Vinted,18.00,
2026-02-08,21:42,,Vintage Trucker Hat,Vinted,18.00,
2026-02-08,22:16,,Vintage Trucker Hat Polaris AOP Biker Motorcross,Depop,20.00,1.32
2026-02-08,22:24,,Nike Baseball Hat,Vinted,15.00,
2026-02-08,23:07,,Real Tree Camo Baseball Hat,Vinted,15.00,
2026-02-09,10:30,,Real Tree Camo Baseball Hat,Vinted,18.00,
2026-02-09,11:22,,GAP Baseball Hat,Vinted,8.00,
2026-02-09,12:22,,Vols Baseball Hat,Vinted,25.00,
2026-02-09,21:32,,Vintage Trucker Hat United Lubricants Truck Mechanic,Depop,14.00,0.81
2026-02-09,22:36,,Paul & Shark Baseball Hat,Vinted,20.00,
2026-02-10,08:21,,Vintage Trucker Hat,Vinted,20.00,
2026-02-10,14:55,,Real Tree Camo Baseball Hat,Vinted,22.00,
2026-02-10,15:14,,Toronto Blue Jays Baseball Hat Embroidered Vintage,Depop,18.00,0.92
2026-02-10,15:58,,Real Tree Camo Baseball Hat Port Authority,Depop,18.00,0.92
2026-02-10,18:18,,Vintage Levi’s Denim Shirt,Vinted,20.00,
2026-02-10,20:35,,Real Tree Camo Trucker Hat Steel Construction,Depop,14.60,0.82
2026-02-10,21:29,,Real Tree Sling Side Bag,Vinted,8.99,
2026-02-11,10:59,2,2 Bundle 2 items,Vinted,20.00,
2026-02-11,11:02,,Vintage Camel Active Leather Jacket,Vinted,50.00,
2026-02-11,17:53,,NASCAR Racing Baseball Hat Pennzoil Las Vegas,Depop,18.00,1.4
2026-02-11,20:00,,Real Tree Camo Baseball Hat Embroidered Mesh,Depop,10.50,0.71
2026-02-12,20:36,,Real Tree Camo Baseball Hat,Vinted,10.00,
2026-02-12,23:07,,Real Tree Sling Side Bag,Vinted,7.64,
2026-02-13,00:49,,Vintage Trucker Hat Tools Tonal Two Tone,Depop,15.00,0.84
2026-02-13,01:29,,Real Tree Sling Side Bag Hunting Camo,Depop,7.64,0.62
2026-02-13,08:38,,Vintage Nike Sweatshirt,Vinted,29.75,
2026-02-13,09:32,,Real Tree Tote Bag Hunting Camo Hiking,Depop,9.34,0.79
2026-02-13,09:49,,Vintage Denim Bomber Jacket,Vinted,20.00,
2026-02-13,09:58,,Carhartt Detroit Jacket Vintage Harrington Full-Zip Cord,Depop,34.00,1.39
2026-02-13,10:02,,Vintage Trucker Hat Embroidered Genesis Jesus Is,Depop,10.00,1.37
2026-02-13,20:33,,Real Tree Sling Side Bag Hunting Camo,Depop,6.00,0.58
2026-02-13,20:34,,Vintage Trucker Hat NASCAR Winston Cup Scene,Depop,16.00,0.87
2026-02-13,20:53,,Polo Ralph Lauren Baseball Hat RL Big,Depop,40.00,1.56
2026-02-14,11:41,,Vintage Trucker Hat,Vinted,15.30,
2026-02-14,13:12,,Real Tree Camo Baseball Hat,Vinted,12.00,
2026-02-14,15:25,,L.L.Bean Rain Jacket,Vinted,25.00,
2026-02-14,16:55,,Real Tree Camo Baseball Hat,Vinted,11.90,
2026-02-14,23:47,,Vintage Trucker Hat,Vinted,10.00,
2026-02-15,08:56,,Army Camo Baseball Hat Military Trucker Hunting,Depop,16.00,0.87
2026-02-15,10:18,,Carhartt Gilet Jacket 80s Denim Sherpa Fleece,Depop,45.00,2.04
2026-02-15,11:07,,Vintage Suede Flight Jacket,Vinted,35.00,
2026-02-15,15:19,,Real Tree Camo Baseball Hat,Vinted,15.00,
2026-02-15,17:36,,Tommy Hilfiger Puffer Jacket Coat,Vinted,29.75,
2026-02-15,18:50,,Real Tree Sling Side Bag,Vinted,7.64,
2026-02-16,07:41,,Korea Veteran Baseball Hat US Navy Army,Depop,14.60,0.82
2026-02-16,08:16,,Patagonia Bomber Jacket,Vinted,40.00,
2026-02-16,22:23,,Real Tree Tote Bag,Vinted,9.34,
2026-02-16,22:27,,Real Tree Camo Baseball Hat Ducks Unlimited,Depop,20.00,2.48
2026-02-16,22:38,,Real Tree Camo Baseball Hat Ducks Unlimited,Depop,18.00,0.92
2026-02-17,07:21,,Vintage Trucker Hat,Vinted,12.75,
2026-02-17,18:29,,Adidas Baseball Hat,Vinted,8.00,
2026-02-17,19:21,,Nike NBA Baseball Hat,Vinted,13.00,
2026-02-17,21:07,,Seattle Mariners MLB Baseball Hat 57 Team,Depop,10.00,0.69
2026-02-17,22:58,,Vintage Trucker Hat Pukka Highland Golf Putting,Depop,12.50,0.76
2026-02-17,23:18,,Calgary Flames Baseball Hat,Vinted,12.75,
2026-02-18,10:14,,Vintage Trucker Hat,Vinted,15.00,
2026-02-18,11:57,,Real Tree Camo Baseball Hat,Vinted,15.00,
2026-02-18,15:29,5,5 Bundle 5 items,Vinted,76.80,
2026-02-18,19:51,,Vintage Air Force Sweatshirt US Army Navy,Depop,22.00,1.04
2026-02-18,21:36,,Nike Baseball Hat,Vinted,10.20,
2026-02-19,14:28,,Real Tree Sling Side Bag,Vinted,7.00,
2026-02-19,14:31,,Vintage Trucker Hat Truck USA VTG Embroidered,Depop,12.00,0.75
2026-02-19,14:32,,Vintage Trucker Hat Alberta Canada Fishing Fish,Depop,14.60,0.82
2026-02-19,16:39,,Vintage Adidas Track Jacket,Vinted,40.00,
2026-02-20,19:57,,North Face Rain Jacket EG Tech Extreme,Depop,50.00,1.85
2026-02-20,20:33,,Minnesota Vikings NFL Baseball Hat,Vinted,9.00,
2026-02-20,21:25,,Real Tree Tote Bag Hunting Camo Hiking,Depop,8.00,0.63
2026-02-20,22:28,,Real Tree Tote Bag,Vinted,10.99,
2026-02-21,04:58,,Real Tree Camo Baseball Hat,Vinted,15.30,
2026-02-21,10:11,,Vintage Trucker Hat,Vinted,12.00,
2026-02-21,13:29,,Real Tree Camo Baseball Hat Mossy Oak,Depop,16.00,0.87
2026-02-21,13:32,,Vintage Golf Jumper,Vinted,20.40,
2026-02-21,13:44,,Real Tree Camo Baseball Hat,Vinted,20.00,
2026-02-21,14:32,,Real Tree Camo Baseball Hat Choot Em,Depop,25.00,1.13
2026-02-21,18:35,,Real Tree Camo Baseball Hat,Vinted,12.00,
2026-02-21,18:55,,Vintage Jesus Graphic T-Shirt,Vinted,70.00,
2026-02-21,19:10,,Vintage Trucker Hat,Vinted,8.00,
2026-02-21,23:58,,Real Tree Sling Side Bag,Vinted,8.10,
2026-02-22,00:17,,Vintage Rugby Shirt,Vinted,18.00,
2026-02-22,11:22,,Cabalas Baseball Hat Real Tree Camo Embroidered,Depop,17.00,0.89
2026-02-22,11:25,,Real Tree Camo Trucker Hat Fishing Embroidered,Depop,14.00,0.81
2026-02-22,15:56,6,6 Vintage Trucker Hat,Vinted,15.00,
2026-02-22,17:51,19,19 Real Tree Camo Baseball Hat,Vinted,13.00,
2026-02-22,18:04,14,14 Corona Extra Baseball Hat,Vinted,13.00,
2026-02-22,21:04,,Real Tree Camo Baseball Hat,Vinted,15.00,
2026-02-22,21:14,,Ducks Unlimited Baseball Hat,Vinted,20.00,
2026-02-22,21:43,,Real Tree Camo Baseball Hat,Vinted,12.20,
2026-02-22,21:51,,Nike One Baseball Hat,Vinted,8.20,
2026-02-22,22:18,40,40 Real Tree Camo Baseball Hat,Vinted,15.30,
2026-02-22,22:42,,Real Tree Sling Side Bag,Vinted,8.99,
2026-02-23,11:44,,New York Yankees Bomber Jacket MLB CAMPRI,Depop,40.00,1.56
2026-02-23,11:44,45,45 Vintage Trucker Hat,Vinted,13.00,
2026-02-23,11:45,,Billabong Baseball Hat Surf Checkered Tartan Tweed,Depop,14.00,0.81
2026-02-24,07:45,,Real Tree Sling Side Bag Hunting Camo,Depop,8.99,0.65
2026-02-24,09:41,,Nike SB Baseball Hat Skateboard Tick Swoosh,Depop,9.00,0.66
2026-02-24,17:24,,Vintage Harley Davidson Sweatshirt Biker Motorcycle 1992,Depop,15.00,0.84
2026-02-24,18:15,,Real Tree Camo Baseball Hat Phillips Electronics,Depop,14.60,0.82
2026-02-24,20:41,,Vintage Trucker Hat KC Coe Ridge Spellout,Depop,15.00,0.84
2026-02-25,20:27,,Vintage Nike Track Jacket Nylon Colourblock Embroidered,Depop,20.00,0.98
2026-02-25,23:05,,Gap Anorak Coat Y2K 00s Rain Hooded,Depop,20.00,0.98
2026-02-26,12:45,,Real Tree Camo Baseball Hat American Red,Depop,14.00,0.81
2026-02-26,12:47,,Real Tree Sling Side Bag,Vinted,7.00,
2026-02-26,12:53,44,44 Vintage Cord Trucker Hat,Vinted,30.00,
2026-02-26,13:19,62,62 Real Tree Camo Trucker Hat,Vinted,18.00,
2026-02-26,14:23,70,70 Carlsberg Baseball Hat Euros Football 2004,Depop,15.00,0.84
2026-02-26,14:36,4,4 Vintage Castrol Oil Racing Hat Baseball,Depop,20.00,0.97
2026-02-26,16:41,,Real Tree Camo Baseball Hat,Vinted,12.00,
2026-02-26,17:43,,Vintage Trucker Hat Columbia Queen Boat Rope,Depop,17.00,0.89
2026-02-26,17:46,,Budweiser Baseball Hat Bud Lite Jim Bean,Depop,14.00,0.81
2026-02-26,17:47,,Vintage Carhartt Shirt Thrashed Heavyweight Collared Long,Depop,18.00,0.92
2026-02-26,18:14,,Real Tree Sling Side Bag Hunting Camo,Depop,8.99,0.65
2026-02-26,20:02,,Vintage Baseball Hat Assholes Live Forever Funny,Depop,12.00,0.75
2026-02-26,20:40,,Coach Harrington Jacket 90s 1993 Lined Sportswear,Depop,15.00,0.84
2026-02-26,21:06,59,59 Real Tree Camo Baseball Hat Golf,Depop,20.00,0.98
2026-02-26,23:30,,Vintage Bomber Jacket,Vinted,21.25,
2026-02-27,03:34,,Vintage Trucker Hat Nissun AB Centre Construction,Depop,12.00,0.75
2026-02-27,08:05,,Real Tree Camo Trucker Hat,Vinted,11.50,
2026-02-27,08:25,76,76 Real Tree Camo Trucker Hat,Vinted,15.00,
2026-02-27,09:05,86,86 Vintage Restaurant Trucker Hat Nissun Gabes,Depop,14.00,0.79
2026-02-27,10:02,65,65 Vintage Trucker Hat,Vinted,12.75,
2026-02-27,10:10,,Real Tree Sling Side Bag Hunting Camo,Depop,6.00,0.56
2026-02-27,11:12,,Real Tree Sling Side Bag Hunting Camo,Depop,6.00,0.56
2026-02-27,12:39,,Real Tree Sling Side Bag Hunting Camo,Depop,8.99,0.65
2026-02-27,16:11,,Real Tree Sling Side Bag,Vinted,8.99,
2026-02-27,17:59,66,66 Vintage Trucker Hat,Vinted,15.00,
2026-02-27,19:15,32,32 Vintage Dickies Trucker Hat Plain Blank,Depop,15.00,1.37
2026-02-27,21:32,100,100 Vintage Ducks Unlimited Trucker Hat Hunting,Depop,16.00,0.87
2026-02-28,08:30,,Real Tree Sling Side Bag Hunting Camo,Depop,6.00,0.56
2026-02-28,11:35,,Real Tree Sling Side Bag Hunting Camo,Depop,8.99,0.65
2026-02-28,12:42,,Vintage Trucker Hat Tartan Checkered Embroidered Tourist,Depop,15.00,0.84
2026-02-28,12:45,102,102 Vintage Trucker Hat Power Sum Star,Depop,14.60,0.82
2026-02-28,14:32,,Real Tree Camo Baseball Hat Crown Motors,Depop,18.00,0.92
2026-02-28,16:26,138,138 Nike Running Hat Tick Dri-Fit Gym,Depop,8.00,1.17
2026-02-28,17:24,60,60 Real Tree Camo Trucker Hat Blank,Depop,11.00,0.72
2026-02-28,23:55,,Real Tree Camo Trucker Hat,Vinted,10.00,
2026-03-01,08:17,,Vintage Graphic Sweatshirt,Vinted,24.00,
2026-03-01,09:44,127,127 Real Tree Camo Baseball Hat Signatures,Depop,10.00,0.69
2026-03-01,09:45,,Vintage Trucker Hat Bill Ranch Western Farming,Depop,18.00,0.92
2026-03-01,11:02,,Vintage Trucker Hat,Vinted,15.00,
2026-03-01,12:21,,Adidas Minnesota Hockey Baseball Hat NCAA American,Depop,11.00,0.72
2026-03-01,13:13,,Vintage YSL Rugby Shirt Yves Saint Laurent,Depop,80.00,3.35
2026-03-01,16:24,,Real Tree Camo Trucker Hat 1998 Print,Depop,16.00,1.34
2026-03-01,16:32,125,125 Ford Real Tree Camo Baseball Hat,Vinted,17.00,
2026-03-01,16:45,123,123 Polo Ralph Lauren Baseball Hat,Vinted,45.00,
2026-03-01,16:54,137,137 Aime Leon Dore Baseball Hat,Vinted,25.00,
2026-03-01,17:19,,Arcteryx Atom LT Jacket,Vinted,80.00,
2026-03-01,17:38,97,97 Real Tree Camo Trucker Hat,Vinted,17.70,
2026-03-01,19:00,131,131 Vintage Snow Plow Trucker Hat,Vinted,12.00,
2026-03-01,20:34,135,135 Vintage Trucker Hat,Vinted,14.00,
2026-03-01,22:21,56,56 O’Neill Baseball Hat,Vinted,18.70,
2026-03-01,22:47,130,130 Vintage Trucker Hat,Vinted,12.00,
2026-03-02,06:13,,Real Tree Camo Baseball Hat John Deere,Depop,10.00,0.69
2026-03-02,09:57,,Carolina Panthers Baseball Hat,Vinted,15.00,
2026-03-02,10:01,227,227 Vintage Trucker Hat,Vinted,13.50,
2026-03-02,11:35,216,216 Vintage Trucker Hat,Vinted,17.00,
2026-03-02,12:27,117,117 Vintage Trucker Hat Sexton Insulation Louisville,Depop,12.00,0.75
2026-03-02,12:28,57,57 New Balance Baseball Hat Running NB,Depop,9.00,0.66
2026-03-02,13:43,237,237 Vintage Rainbow Trucker Hat,Vinted,15.30,
2026-03-02,18:48,,Vintage ARMY Hoodie College US Marine Navy,Depop,22.00,1.04
2026-03-02,23:36,123,123 Polo Ralph Lauren Baseball Hat RL,Depop,40.00,1.56
2026-03-02,23:59,,Vintage Trucker Hat Ozark Mountain Country Print,Depop,12.50,0.76
2026-03-03,07:12,208,208 Vintage Trucker Hat,Vinted,10.00,
2026-03-03,07:13,,NRA Baseball Hat,Vinted,11.00,
2026-03-03,08:48,,Vintage Baseball Hat College NCAA Minnesota VTG,Depop,10.00,0.88
2026-03-03,11:16,215,215 Vintage Trucker Hat,Vinted,17.00,
2026-03-03,12:02,214,214 Vintage Trucker Hat,Vinted,20.00,
2026-03-03,14:49,113,113 Real Tree Camo Baseball Hat Trump,Depop,9.00,0.66
2026-03-03,16:13,,Real Tree Camo Baseball Hat,Vinted,8.00,
2026-03-03,19:39,213,213 Real Tree Camo Trucker Hat,Vinted,15.00,
2026-03-03,21:11,,Real Tree Sling Side Bag Hunting Camo,Depop,8.99,0.65
2026-03-03,21:37,52,52 Houston Rockets MLB Baseball Hat,Vinted,25.00,
2026-03-03,21:38,,Anaheim Ducks Baseball Hat,Vinted,45.03,
2026-03-04,07:08,,Real Tree Sling Side Bag Hunting Camo,Depop,8.99,0.65
2026-03-04,08:00,,Vintage Adidas Track Jacket,Vinted,30.00,
2026-03-04,08:22,201,201 Real Tree Camo Trucker Hat,Vinted,8.00,
2026-03-04,11:08,188,188 Vintage Trucker Hat,Vinted,15.00,
2026-03-04,11:40,219,219 Real Tree Camo Trucker Hat Winair,Depop,16.00,0.87
2026-03-04,13:40,119,119 Vintage Trucker Hat,Vinted,16.00,
2026-03-04,14:28,,Vintage Nike Hoodie,Vinted,16.00,
2026-03-04,18:45,,Bridgestone Baseball Hat Car Racing Tyres Oil,Depop,12.75,0.77
2026-03-04,21:45,,Vintage Eagle T-Shirt,Vinted,18.70,
2026-03-04,21:58,240,240 Real Tree Camo Baseball Hat Mossy,Depop,18.70,0.94
2026-03-05,00:03,,NY Yankees Baseball Hat,Vinted,12.75,
2026-03-05,00:41,69,69 Vintage Trucker Hat Myrtle Beach Tourist,Depop,12.70,0.77
2026-03-05,06:55,183,183 Real Tree Camo Trucker Hat,Vinted,15.00,
2026-03-05,13:29,194,194 Bass Pro Shop Baseball Hat,Vinted,16.00,
2026-03-05,13:30,,Vintage Levis Denim Shirt,Vinted,15.00,
2026-03-05,14:15,43,43 Ford Real Tree Camo Baseball Hat,Vinted,15.00,
2026-03-05,15:39,,L.L.Bean Rain Jacket,Vinted,29.75,
2026-03-05,18:33,,Levis Denim Jacket,Vinted,20.00,
2026-03-05,18:58,192,192 Real Tree Camo Trucker Hat,Vinted,14.00,
2026-03-05,19:49,82,82 Vintage Trucker Hat,Vinted,22.00,
2026-03-05,20:22,234,234 Vintage Rainbow Trucker Hat Graffiti Labour,Depop,15.30,0.85
2026-03-05,20:29,,Real Tree Sling Side Bag Hunting Camo,Depop,6.00,0.56
2026-03-05,20:35,,Vintage Levis Denim Shirt,Vinted,15.00,
2026-03-05,21:17,209,209 Real Tree Camo Trucker Hat,Vinted,12.00,
2026-03-05,22:33,124,124 Notre Dame College Baseball Hat,Vinted,18.00,
2026-03-05,22:37,,Dickies Harrington Jacket,Vinted,30.00,
2026-03-06,13:03,224,224 Vintage Trucker Hat Laughlin Nevada Vegas,Depop,16.00,0.87
2026-03-06,17:12,,Real Tree Camo Baseball Hat Otto Embroidered,Depop,8.00,0.63
2026-03-06,19:46,94,94 Real Tree Camo Trucker Hat Farming,Depop,15.00,0.84
2026-03-06,20:55,230,230 Real Tree Camo Trucker Hat Mossy,Depop,12.80,0.77
2026-03-07,08:26,189,189 Real Tree Camo Trucker Hat,Vinted,17.00,
2026-03-07,08:45,195,195 Vintage Trucker Hat,Vinted,15.00,
2026-03-07,11:51,,Bass Pro Shop Trucker Hat,Vinted,15.00,
2026-03-07,12:35,184,184 Vintage Trucker Hat Lykins Contracting Mechanic,Depop,17.50,0.91
2026-03-07,12:37,191,191 Real Tree Camo Trucker Hat,Vinted,7.50,
2026-03-07,12:39,164,164 Vintage Trucker Hat,Vinted,12.00,
2026-03-07,12:40,173,173 Real Tree Camo Trucker Hat,Vinted,20.00,
2026-03-07,15:49,163,163 Real Tree Camo Baseball Hat,Vinted,12.00,
2026-03-07,16:36,,Vintage Adidas Track Jacket,Vinted,25.00,
2026-03-07,18:42,,Dickies Gilet Jacket Fleece Lined Canvas Denim,Depop,29.00,1.24
2026-03-07,18:51,29,29 Vintage Beer Trucker Hat Blue Ribbon,Depop,15.00,0.82
2026-03-07,19:01,,Vintage Rugby Shirt,Vinted,15.00,
2026-03-07,20:11,12,12 Vintage Carhartt Trucker Hat Mesh Country,Depop,12.00,0.73
2026-03-07,20:31,178,178 Vintage Trucker Hat Otto Caps Auto,Depop,15.30,0.85
2026-03-07,20:32,,Vintage Rugby Shirt,Vinted,20.00,
2026-03-08,07:15,151,151 Vintage Trucker Hat,Vinted,24.00,
2026-03-08,11:44,152,152 Vintage Trucker Hat,Vinted,12.75,
2026-03-08,12:31,,Vintage Trucker Hat Speedy Truck Bape Style,Depop,20.00,0.98
2026-03-08,13:12,,Real Tree Camo Baseball Hat Rail Road,Depop,8.00,0.63
2026-03-08,14:07,226,226 Vintage Trucker Hat Reef Chemicals Plant,Depop,14.00,0.81
2026-03-08,14:25,110,110 Real Tree Camo Trucker Hat,Vinted,18.70,
2026-03-08,16:36,,Bass Pro Shop Baseball Hat Embroidered Fishing,Depop,14.00,0.81
2026-03-08,17:37,63,63 Real Tree Camo Trucker Hat Chevy,Depop,13.00,0.78
2026-03-08,18:01,51,51 Saints College Baseball Hat University College,Depop,10.00,0.69
2026-03-08,19:16,,Columbia Harrington Jacket Sportswear Bomber Aviation Workwear,Depop,30.00,1.27
2026-03-08,20:14,234,234 Vintage Trucker Hat Nissun Caps Mountain,Depop,14.00,0.81
2026-03-08,21:20,338,338 Vintage Disney Trucker Hat,Vinted,12.00,
2026-03-09,12:49,,Vintage Rugby Button Up Sweatshirt,Vinted,20.00,
2026-03-09,15:03,,Vintage Harley Davidson Henley Sweatshirt,Vinted,22.00,
2026-03-09,19:24,,Real Tree Sling Side Bag Hunting Camo,Depop,8.99,0.65
2026-03-10,15:09,,Vintage Trucker Hat Sun Cap Money Alcohol,Depop,22.00,1.04
2026-03-10,15:48,154,154 Real Tree Camo Trucker Hat,Vinted,14.40,
2026-03-10,17:16,339,339 Vintage Trucker Hat,Vinted,20.00,
2026-03-10,20:52,318,318 Vintage Trucker Hat,Vinted,30.00,
2026-03-11,00:34,218,218 Vintage Nascar Baseball Hat,Vinted,15.00,
2026-03-11,06:49,326,326 Real Tree Camo Trucker Hat Deer,Depop,18.00,0.92
2026-03-11,09:55,315,315 Real Tree Camo Baseball Hat,Vinted,9.50,
2026-03-11,11:06,322,322 Real Tree Camo Baseball Hat,Vinted,15.00,
2026-03-11,12:22,,Real Tree Sling Side Bag,Vinted,8.99,
2026-03-11,13:48,,Real Tree Camo Baseball Hat Embroidered Hunting,Depop,12.00,0.75
2026-03-11,21:34,342,342 Real Tree Camo Trucker Hat,Vinted,12.00,
2026-03-11,21:34,158,158 Real Tree Camo Trucker Hat,Vinted,12.00,
2026-03-11,22:05,,Vintage Trucker Hat Ducks Unlimited Floral Hawaii,Depop,14.00,0.81
2026-03-11,22:36,,Real Tree Sling Side Bag Hunting Camo,Depop,8.99,0.65
2026-03-11,23:03,,Real Tree Sling Side Bag,Vinted,8.99,
2026-03-12,07:33,,Alpha Industries Bomber Jacket Coat Cropped Jacket,Depop,33.00,1.36
2026-03-12,12:25,,Vintage Ralph Lauren Polo Shirt,Vinted,15.00,
2026-03-12,16:08,,Real Tree Camo Baseball Hat Browning Embroidered,Depop,20.00,1.37
2026-03-12,16:51,,Adidas Baseball Hat ClimaLite 3-Stripe Trefoil Fit,Depop,11.00,0.72
2026-03-12,18:11,308,308 Vintage Trucker Hat,Vinted,15.00,
2026-03-12,18:40,171,171 Real Tree Camo Trucker Hat Ducks,Depop,14.00,0.81
2026-03-12,19:03,141,141 Vintage Baseball Racing Hat,Vinted,10.00,
2026-03-12,20:35,,Vintage Trucker Hat,Vinted,20.00,
2026-03-12,22:24,172,172 Real Tree Camo Trucker Hat Real,Depop,16.00,0.87
2026-03-12,23:32,,Vintage Checkered Jumper Grid Check Enzo Lorenzo,Depop,21.00,1.01
2026-03-13,00:12,317,317 Vintage Trucker Hat,Vinted,14.00,
2026-03-13,09:41,,Real Tree Camo Baseball Hat,Vinted,18.00,
2026-03-13,11:25,300,300 Real Tree Camo Trucker Hat,Vinted,15.30,
2026-03-13,12:15,144,144 Vintage Trucker Hat Car Service Mechanic,Depop,16.00,1.2
2026-03-13,12:49,343,343 Real Tree Camo Trucker Hat Florida,Depop,18.00,0.92
2026-03-13,12:51,,Vintage L.L.Bean Denim Shirt,Vinted,27.00,
2026-03-13,14:00,303,303 Real Tree Camo Trucker Hat,Vinted,15.00,
2026-03-13,16:46,,Real Tree Camo Baseball Hat,Vinted,15.30,
2026-03-13,18:11,311,311 Real Tree Camo Baseball Hat,Vinted,15.30,
2026-03-13,20:45,193,193 Real Tree Camo Trucker Hat,Vinted,18.00,
2026-03-13,20:47,340,340 Vintage Cord Trucker Hat Amsterdam Premium,Depop,16.50,0.88
2026-03-13,22:01,,Vintage L.L.Bean Fleece Full-Zip Sherpa Deepile Heavyduty,Depop,26.50,1.17
2026-03-14,01:09,,Real Tree Sling Side Bag Hunting Camo,Depop,8.99,0.65
2026-03-14,14:32,,Vintage Champion Sweatshirt Y2K 00s Reverse Weave,Depop,25.00,1.13
2026-03-14,14:53,,Vintage Ralph Lauren Polo Shirt Short Sleeve,Depop,16.00,0.87
2026-03-15,17:22,,Vintage College Sweatshirt Dobbs Ferry Eagles 90s,Depop,18.00,0.92
2026-03-15,19:05,,Army Camo Baseball Hat USA Flag Digital,Depop,12.00,1.08
2026-03-15,19:14,168,168 Vintage Trucker Hat Oil Riggers LandMan,Depop,8.00,0.63
2026-03-15,19:43,314,314 Real Tree Camo Trucker Hat,Vinted,15.00,
2026-03-15,22:38,80,80 Real Tree Camo Trucker Hat,Vinted,14.00,
2026-03-15,23:15,204,204 Vintage Trucker Hat Troop 155 United,Depop,7.50,0.62
2026-03-15,23:15,,Vintage Champion Hoodie,Vinted,25.00,
2026-03-16,12:06,,Real Tree Tote Bag Hunting Camo Hiking,Depop,10.99,0.88
2026-03-16,12:53,306,306 Vintage Cord Trucker Hat,Vinted,22.00,
2026-03-16,14:58,,Chicago White Sox Baseball Hat,Vinted,12.00,
2026-03-16,15:01,317,317 Vintage Trucker Hat Golf Course Classic,Depop,16.00,0.87
2026-03-16,18:25,287,287 Vintage Trucker Hat,Vinted,18.70,
2026-03-16,18:43,,Dickies Harrington Jacket Quilt Lining Workwear Work,Depop,35.10,1.42
2026-03-16,19:27,72,72 Baltimore Ravens NFL Baseball Hat,Vinted,12.00,
2026-03-16,20:34,297,297 Detroit Lions NFL Baseball Hat,Vinted,10.00,
2026-03-16,22:17,271,271 Real Tree Camo Baseball Hat,Vinted,14.00,
2026-03-17,08:52,,Vintage Denim Jacket,Vinted,17.00,
2026-03-17,09:30,,Polo Ralph Lauren Baseball Hat RL Spellout,Depop,29.00,1.24
2026-03-17,10:10,223,223 Real Tree Camo Trucker Hat,Vinted,14.00,
2026-03-17,11:09,,Real Tree Sling Side Bag,Vinted,5.50,
2026-03-17,11:22,264,264 Vintage Trucker Hat,Vinted,20.00,
2026-03-17,11:59,276,276 Vintage Trucker Hat,Vinted,15.00,
2026-03-17,14:39,221,221 Real Tree Camo Trucker Hat,Vinted,18.00,
2026-03-17,16:54,269,269 Real Tree Camo Baseball Hat,Vinted,17.00,
2026-03-17,19:54,285,285 Vintage Trucker Hat,Vinted,12.00,
2026-03-17,20:00,,North Face Rain Jacket,Vinted,30.00,
2026-03-17,21:21,,Vintage Trucker Hat AJM Truck Leather VTG,Depop,14.90,0.83
2026-03-17,23:14,275,275 Vintage Trucker Hat,Vinted,12.75,
2026-03-18,09:20,,Vintage Champion Sweatshirt 90s Reverse Weave Made,Depop,32.00,1.33
2026-03-18,11:52,99,99 Vintage Columbia Trucker Hat,Vinted,12.00,
2026-03-18,11:55,307,307 Vintage Trucker Hat Denim Baker Blank,Depop,19.80,0.98
2026-03-18,14:48,,L.L.Bean Rain Jacket,Vinted,25.00,
2026-03-18,19:39,,Real Tree Camo Baseball Hat,Vinted,22.00,
2026-03-18,23:11,349,349 Vintage Trucker Hat,Vinted,15.00,
2026-03-19,07:07,185,185 Vintage Trucker Hat Coopers Spellout Cord,Depop,22.00,1.04
2026-03-19,09:42,241,241 Vintage Trucker Hat,Vinted,15.00,
2026-03-19,18:49,250,250 Real Tree Camo Baseball Hat,Vinted,17.00,
2026-03-19,19:31,344,344 Real Tree Camo Baseball Hat,Vinted,15.00,
2026-03-19,19:40,242,242 Vintage Ford Trucker Hat Cooper Tools,Depop,20.00,0.98
2026-03-19,20:23,,Vintage Columbia Cargo Shorts,Vinted,12.00,
2026-03-19,23:14,341,341 Vintage Trucker Hat,Vinted,15.00,
2026-03-20,00:19,348,348 Vintage Trucker Hat,Vinted,15.30,
2026-03-20,01:05,362,362 Vintage Trucker Hat,Vinted,18.00,
2026-03-20,05:07,2,2 Bundle 2 items,Vinted,38.00,
2026-03-20,07:46,,Real Tree Camo Baseball Hat,Vinted,11.00,
2026-03-20,07:46,256,256 Vintage Trucker Hat,Vinted,19.00,
2026-03-20,07:46,229,229 Real Tree Camo Trucker Hat,Vinted,16.00,
2026-03-20,08:33,238,238 Real Tree Camo Trucker Hat,Vinted,18.00,
2026-03-20,09:02,351,351 John Deere Baseball Hat,Vinted,12.00,
2026-03-20,09:21,,Polo Ralph Lauren Harrington Jacket,Vinted,40.00,
2026-03-20,09:26,254,254 Vintage Trucker Hat Patch TNT Fireworks,Depop,17.00,0.89
2026-03-20,10:03,361,361 Vintage College Trucker Hat,Vinted,20.00,
2026-03-20,10:18,323,323 Real Tree Camo Trucker Hat,Vinted,18.00,
2026-03-20,11:19,,Vintage USA Baseball Hat,Vinted,15.30,
2026-03-20,11:40,68,68 Vintage Trucker Hat 1992 Hunting Show,Depop,11.00,0.72
2026-03-20,11:51,199,199 Real Tree Camo Trucker Hat Kati,Depop,16.00,0.87
2026-03-20,13:58,267,267 Real Tree Camo Baseball Hat,Vinted,11.90,
2026-03-20,15:21,122,122 Vintage Stussy Baseball Hat,Vinted,25.50,
2026-03-20,17:28,255,255 Vintage Ford Trucker Hat,Vinted,15.30,
2026-03-20,18:49,78,78 Real Tree Camo Trucker Hat,Vinted,17.00,
2026-03-20,19:08,279,279 Real Tree Camo Baseball Hat Garmin,Depop,10.00,0.69
2026-03-21,11:45,,Real Tree Camo Baseball Hat,Vinted,13.00,
2026-03-21,14:24,101,101 Vintage Special Forces Trucker Hat Hawaii,Depop,20.00,1.69
2026-03-21,14:26,380,380 Vintage Trucker Hat,Vinted,15.30,
2026-03-21,17:27,246,246 Vintage Trucker Hat,Vinted,11.00,
2026-03-21,18:16,249,249 Real Tree Camo Trucker Hat,Vinted,22.00,
2026-03-21,22:00,,Vintage Trucker Hat,Vinted,15.00,
2026-03-21,22:02,301,301 Real Tree Camo Baseball Hat Signatures,Depop,11.00,0.72
2026-03-21,22:25,353,353 Real Tree Camo Trucker Hat John,Depop,14.40,0.82
2026-03-22,10:33,186,186 Vintage Trucker Hat,Vinted,15.00,
2026-03-22,11:26,378,378 Real Tree Camo Baseball Hat,Vinted,17.60,
2026-03-22,11:39,55,55 Boston Red Sox Baseball Hat,Vinted,12.00,
2026-03-22,12:01,,Real Tree Camo Baseball Hat,Vinted,8.00,
2026-03-22,13:28,252,252 Vintage Trucker Hat,Vinted,21.25,
2026-03-22,15:25,,Oakland Raiders NFL Baseball Hat Game Day,Depop,11.00,0.72
2026-03-23,09:53,83,83 Vintage Trucker Hat,Vinted,15.30,
2026-03-23,14:42,244,244 Vintage Trucker Hat,Vinted,18.00,
2026-03-23,18:21,74,74 Real Tree Camo Trucker Hat,Vinted,13.00,
2026-03-23,20:50,155,155 Real Tree Camo Trucker Hat Real,Depop,12.00,0.75
2026-03-23,21:20,93,93 Real Tree Camo Trucker Hat,Vinted,15.00,
2026-03-23,22:57,,Vintage Nike Fleece Half-Zip Sherpa Heavyduty Vintage,Depop,17.00,0.89
2026-03-24,16:11,,Vintage Nike T-Shirt,Vinted,21.00,
2026-03-24,17:41,350,350 Vintage Trucker Hat,Vinted,12.00,
2026-03-24,19:38,,Miller Lite Baseball Hat,Vinted,18.00,
2026-03-25,10:57,385,385 Real Tree Camo Trucker Hat,Vinted,13.50,
2026-03-25,17:08,160,160 Real Tree Camo Trucker Hat Signatures,Depop,20.00,0.98
2026-03-25,17:46,176,176 Vintage Trucker Hat Local Union Stars,Depop,18.00,0.92
2026-03-25,18:39,,GAP Baseball Hat,Vinted,14.00,
2026-03-25,18:46,,Real Tree Camo Baseball Hat,Vinted,15.00,
2026-03-25,21:49,,HUF Baseball Hat Skate Skateboarding Grunge Festival,Depop,19.00,0.95
2026-03-26,15:01,,Real Tree Camo Baseball Hat,Vinted,11.00,
2026-03-26,19:47,175,175 Vintage Trucker Hat,Vinted,13.50,
2026-03-27,19:25,327,327 Real Tree Camo Baseball Hat,Vinted,10.00,
2026-03-27,20:46,411,411 Vintage Trucker Hat,Vinted,18.00,
2026-03-27,22:34,404,404 Real Tree Camo Trucker Hat,Vinted,8.00,
2026-03-28,00:00,387,387 Vintage Trucker Hat Surfing Surf Board,Depop,15.00,0.84
2026-03-28,09:42,415,415 Real Tree Camo Trucker Hat,Vinted,15.00,
2026-03-28,15:19,438,438 Nike Tennis Training Hat,Vinted,18.00,
2026-03-28,18:12,,Real Tree Camo Trucker Hat,Vinted,16.00,
2026-03-28,23:59,,Real Tree Sling Side Bag Hunting Camo,Depop,8.99,0.65
2026-03-29,10:45,408,408 Real Tree Camo Trucker Hat,Vinted,15.00,
2026-03-29,17:56,357,357 Real Tree Camo Trucker Hat,Vinted,15.00,
2026-03-29,21:18,444,444 Fishing Trucker Hat,Vinted,20.00,
2026-03-29,22:44,501,501 Polo Ralph Lauren Baseball Hat,Vinted,65.00,
2026-03-29,22:49,177,177 Vintage Trucker Hat Sinclair Car Dealership,Depop,18.00,0.92
2026-03-30,08:41,450,450 Vintage Trucker Hat,Vinted,15.00,
2026-03-30,11:10,471,471 Vintage Trucker Hat,Vinted,15.00,
2026-03-30,16:05,441,441 Vintage Trucker Hat Branson Travel Tourist,Depop,18.00,0.92
2026-03-30,18:05,,Vintage College Sweatshirt Oneita Carmichael Recreation YMCA,Depop,18.00,0.92
2026-03-30,18:36,2,2 Bundle 2 items,Vinted,27.50,
2026-03-30,18:41,501,501 Polo Ralph Lauren Baseball Hat RL,Depop,60.00,2.13
2026-03-30,19:01,439,439 Vintage Golf Trucker Hat,Vinted,14.00,
2026-03-30,19:21,169,169 Real Tree Camo Trucker Hat,Vinted,22.00,
2026-03-31,08:57,,Levis Bomber Denim Jacket,Vinted,40.00,
2026-03-31,10:36,,Vintage Graphic T-Shirt,Vinted,25.00,
2026-03-31,11:50,,Porsche Bomber Jacket Helly Hansen Warm-Up Coat,Depop,38.00,1.5
2026-03-31,12:03,448,448 Nike Baseball Hat,Vinted,22.00,
2026-03-31,12:12,,Vintage Trucker Hat,Vinted,16.20,
2026-03-31,13:35,,Calgary Flames Baseball Hat NHL Canada Canadian,Depop,10.00,0.69
2026-03-31,16:40,430,430 Vintage Trucker Hat,Vinted,15.00,
2026-03-31,17:30,479,479 Vintage Trucker Hat Aruba Island Reptile,Depop,12.00,0.75
2026-03-31,18:28,472,472 Miami Dolphins NFL Baseball Hat,Vinted,14.00,
2026-03-31,19:34,,Browning Baseball Hat,Vinted,15.00,
2026-03-31,20:28,385,385 Real Tree Camo Trucker Hat,Vinted,12.00,
2026-03-31,20:44,,Vintage Denim Jacket Retro Stone Washed HeavyWeight,Depop,24.00,1.1
2026-03-31,20:54,274,274 Vintage Trucker Hat,Vinted,14.00,
2026-03-31,21:11,,Vintage Champion Sweatshirt,Vinted,25.00,
2026-03-31,22:39,,Vintage Carhartt Shirt,Vinted,20.00,
2026-04-01,01:20,,Vintage Trucker Hat Premiere Auto Sales Car,Depop,16.00,0.87
2026-04-01,07:15,,Vintage Champion Hoodie Screen Print Spellout Sweatshirt,Depop,21.00,1.01
2026-04-01,11:18,449,449 Vintage Trucker Hat Portugal Flag Travel,Depop,14.00,0.81
2026-04-01,11:24,483,483 Vintage Trucker Hat,Vinted,15.00,
2026-04-01,11:48,481,481 Vintage Trucker Hat,Vinted,12.60,
2026-04-01,12:15,477,477 Vintage Trucker Hat MTD Yard Machines,Depop,10.00,0.69
2026-04-01,12:21,475,475 Vintage Trucker Hat,Vinted,15.00,
2026-04-01,18:07,292,292 Real Tree Camo Trucker Hat,Vinted,14.00,
2026-04-01,20:08,455,455 Dallas Cowboys NFL Baseball Hat,Vinted,12.00,
2026-04-01,20:55,488,488 Vintage Trucker Hat,Vinted,15.00,
2026-04-01,21:15,474,474 F1 Trucker Hat,Vinted,20.00,
2026-04-02,13:54,,Real Tree Sling Side Bag Hunting Camo,Depop,8.99,0.65
2026-04-02,15:49,407,407 Real Tree Camo Trucker Hat,Vinted,20.00,
2026-04-02,17:02,,Vintage Canadians Cord Baseball Hat,Vinted,35.00,
2026-04-02,17:10,470,470 Polo Ralph Lauren Baseball Hat RL,Depop,20.00,0.98
2026-04-02,21:16,,Vintage College Sweatshirt,Vinted,20.00,
2026-04-03,09:50,532,532 Vintage Fosters Baseball Hat Fosters Grand,Depop,14.60,0.82
2026-04-03,12:40,513,513 Vintage Trucker Hat,Vinted,15.00,
2026-04-03,15:17,522,522 Railroad Train Engineer Hat,Vinted,25.00,
2026-04-03,15:18,524,524 Vintage Trucker Hat,Vinted,13.50,
2026-04-03,15:18,514,514 Real Tree Camo Trucker Hat,Vinted,17.00,
2026-04-03,15:20,,Avtrek Tourist Vintage T-Shirt,Vinted,9.00,
2026-04-03,15:54,375,375 Real Tree Camo Trucker Hat,Vinted,15.00,
2026-04-03,19:40,,Vintage Gant Rugby Shirt Colourblock Striped Rugby,Depop,20.00,0.98
2026-04-03,19:53,520,520 Vintage Trucker Hat,Vinted,8.00,
2026-04-03,23:37,389,389 Vintage Baseball Hat,Vinted,13.00,
2026-04-04,11:55,540,540 Vintage Trucker Hat,Vinted,18.00,
2026-04-04,12:45,,Vintage Trucker Hat,Vinted,20.00,
2026-04-04,15:13,,Nike Baseball Hat,Vinted,10.00,
2026-04-05,12:34,,Vintage Rugby Shirt,Vinted,25.00,
2026-04-05,13:06,,MLB Baseball Hat,Vinted,15.00,
2026-04-05,13:47,278,278 Vintage Trucker Hat AMT Embroidered Tourist,Depop,13.50,0.79
2026-04-05,13:50,442,442 CCM Hockey Baseball Hat NHL Ice,Depop,14.00,0.81
2026-04-05,14:11,,Vintage Striped Rugby Shirt,Vinted,18.00,
2026-04-05,16:48,544,544 Indianapolis Colts NFL Baseball Hat,Vinted,12.00,
2026-04-05,16:59,550,550 Vintage Fire Dept. Trucker Hat Dalmatian,Depop,15.00,1.26
2026-04-05,22:13,485,485 Vintage Trucker Hat Auto Body Shop,Depop,12.00,0.75
2026-04-05,22:52,545,545 Fishing Trucker Hat,Vinted,18.00,
2026-04-05,22:53,521,521 Vintage Funny Trucker Hat,Vinted,10.00,
2026-04-05,23:03,,Vintage Trucker Hat,Vinted,18.00,
2026-04-06,09:00,427,427 Fishing Trucker Hat Born To Fish,Depop,18.00,0.92
2026-04-06,09:04,187,187 Vintage College Trucker Hat Kentucky Wildcats,Depop,13.30,0.79
2026-04-06,09:22,,Vintage Polo Jeans Fleece Ralph Lauren Polo,Depop,20.00,0.98
2026-04-06,12:58,,Vintage Cat In The Hat T-Shirt,Vinted,28.00,
2026-04-06,17:04,286,286 Padres NFL Baseball Hat,Vinted,30.00,
2026-04-06,18:49,,Real Tree Camo Baseball Hat,Vinted,12.00,
2026-04-06,20:38,2,2 Bundle 2 items,Vinted,20.00,
2026-04-06,21:11,551,551 Vintage Security Baseball Hat,Vinted,16.00,
2026-04-06,22:35,530,530 Vintage Golf Hat,Vinted,17.00,
2026-04-07,08:56,570,570 Vintage Trucker Hat,Vinted,15.00,
2026-04-07,10:19,,Real Tree Camo Baseball Hat,Vinted,9.60,
2026-04-07,12:10,,Vintage Ralph Lauren Polo Shirt Short Sleeve,Depop,14.50,0.82
2026-04-07,21:52,424,424 Real Tree Camo Baseball Hat,Vinted,17.60,
2026-04-07,22:09,120,120 Vintage Nascar Baseball Hat Busch Series,Depop,13.00,0.78
2026-04-07,22:20,,Vintage Gant Rugby Shirt,Vinted,18.00,
2026-04-07,22:25,407,407 Real Tree Camo Trucker Hat Ducks,Depop,15.00,0.84
2026-04-08,01:22,,Polo Ralph Lauren Rugby Shirt Colourblock Striped,Depop,30.10,1.27
2026-04-08,14:11,,Real Tree Camo Baseball Hat Napa Racing,Depop,12.00,1.23
2026-04-08,14:27,579,579 Vintage Racing Baseball Hat,Vinted,18.00,
2026-04-08,16:06,,Vintage Trucker Hat,Vinted,12.00,
2026-04-08,18:06,574,574 New England Patriots Baseball Hat,Vinted,18.00,
2026-04-08,20:36,334,334 Real Tree Camo Baseball Hat,Vinted,22.00,
2026-04-08,22:12,,Old Navy Harrington Jacket Bomber Aviation Workwear,Depop,20.00,0.98
2026-04-09,00:19,363,363 Real Tree Camo Trucker Hat Star,Depop,15.00,0.84
2026-04-09,01:07,596,596 Nike Running Baseball Hat,Vinted,18.00,
2026-04-09,09:42,,Boston Red Sox Baseball Hat,Vinted,13.30,
2026-04-09,13:09,200,200 Real Tree Camo Trucker Hat,Vinted,10.00,
2026-04-09,21:20,126,126 Real Tree Camo Trucker Hat,Vinted,12.00,
2026-04-09,21:22,539,539 Vintage Cord Trucker Hat Building Contruction,Depop,9.60,0.68
2026-04-09,21:24,583,583 Real Tree Camo Trucker Hat Mesh,Depop,12.00,0.75
2026-04-09,21:55,403,403 Real Tree Camo Baseball Hat,Vinted,15.00,
2026-04-10,07:14,,Vintage Trucker Hat Elvis Priestly Music Tour,Depop,17.00,0.89
2026-04-10,08:30,606,606 Vintage Trucker Hat,Vinted,22.00,
2026-04-10,12:24,,NBA Baseball Hat New York Knicks Basketball,Depop,10.20,0.7
2026-04-10,13:08,109,109 Adidas Baseball Hat Trefoil 3 Stripe,Depop,12.75,0.76
2026-04-10,15:14,,Real Tree Sling Side Bag Hunting Camo,Depop,7.64,0.61
2026-04-10,15:59,,Real Tree Sling Side Bag Hunting Camo,Depop,7.64,0.61
2026-04-10,18:41,305,305 Vintage Trucker Hat,Vinted,15.00,
2026-04-10,20:06,581,581 Vintage Trucker Hat Gasser Farming Tractor,Depop,14.60,0.82
2026-04-10,21:53,604,604 Vintage Skateboarding Trucker Hat Snowboarding Surfing,Depop,12.00,0.75
2026-04-10,22:21,382,382 Real Tree Camo Trucker Hat Redhead,Depop,9.00,0.66
2026-04-10,22:41,283,283 Real Tree Camo Trucker Hat,Vinted,15.00,
2026-04-10,23:42,3,3 Bundle 3 items,Vinted,50.00,
2026-04-11,10:07,181,181 Real Tree Camo Trucker Hat,Vinted,14.00,
2026-04-11,11:17,370,370 Vintage Ford Trucker Hat Metro Patch,Depop,14.00,0.81
2026-04-11,11:52,616,616 Eddie Bauer Baseball Hat,Vinted,10.00,
2026-04-11,14:39,633,633 Vintage College Trucker Hat,Vinted,12.00,
2026-04-11,15:38,661,661 Vintage Trucker Hat,Vinted,12.75,
2026-04-11,16:59,335,335 Real Tree Camo Baseball Hat,Vinted,15.00,
2026-04-11,17:11,663,663 Vintage Trucker Hat,Vinted,18.00,
2026-04-11,17:25,494,494 GAP Baseball Hat Spellout Branded Y2K,Depop,17.38,0.91
2026-04-11,18:47,639,639 Vintage Trucker Hat,Vinted,15.00,
2026-04-11,19:39,,Vintage Animal T-Shirt Anvil Eagle Bird Single,Depop,16.00,0.87
2026-04-11,19:54,,Polo Ralph Lauren Rugby Shirt,Vinted,23.00,
2026-04-11,20:39,,Vintage Trucker Hat,Vinted,11.00,
2026-04-11,23:34,597,597 Real Tree Camo Trucker Hat,Vinted,15.00,
2026-04-12,00:21,636,636 Polo Ralph Lauren Baseball Hat,Vinted,25.00,
2026-04-12,00:35,3,3 Bundle 3 items,Vinted,42.00,
2026-04-12,08:30,645,645 New York Giants Baseball Hat,Vinted,8.00,
2026-04-12,12:39,,Vintage Navy College Hoodie Champion Reverse Weave,Depop,28.00,1.21
2026-04-12,15:06,622,622 Vintage Trucker Hat,Vinted,12.75,
2026-04-12,15:13,630,630 Vintage Racing Trucker Hat,Vinted,12.75,
2026-04-12,15:34,288,288 Vintage Trucker Hat Truck Stop USA,Depop,15.00,0.84
2026-04-12,15:56,,Real Tree Camo Baseball Hat,Vinted,12.00,
2026-04-12,18:22,629,629 Vintage Trucker Hat,Vinted,12.00,
2026-04-12,21:05,,Vintage Sailing Coat Outdoors Colourblock Y2K 00s,Depop,15.30,0.85
2026-04-13,10:31,603,603 Army Marine Baseball Hat,Vinted,12.00,
2026-04-13,14:05,627,627 NY Yankees Baseball Hat 2023 MLB,Depop,10.00,0.69
2026-04-13,14:22,,Police 2007 Band T-Shirt Reunion Music Tour,Depop,25.50,1.14
2026-04-13,16:55,,Vintage Harley Davidson Sweatshirt Biker Racing AOP,Depop,29.75,1.26
2026-04-13,19:48,652,652 Racing Baseball Hat,Vinted,12.00,
2026-04-13,19:53,,Carhartt Gilet Jacket,Vinted,25.00,
2026-04-13,21:19,652,652 Racing Baseball Hat Otto Caps Southern,Depop,10.20,0.7
2026-04-13,22:35,517,517 Vintage Trucker Hat Blank Plain Rope,Depop,13.00,0.78
2026-04-14,09:18,,Cleveland Indians Baseball Hat,Vinted,12.75,
2026-04-14,12:02,589,589 Vintage MLB Baseball Hat,Vinted,8.50,
2026-04-14,19:14,642,642 Vintage Trucker Hat,Vinted,15.30,
2026-04-14,21:06,27,27 Vintage Trucker Hat,Vinted,14.00,
2026-04-14,21:34,153,153 Real Tree Camo Trucker Hat Real,Depop,12.00,1.05
2026-04-15,13:05,687,687 Vintage Trucker Hat,Vinted,15.30,
2026-04-15,17:43,,Vintage Rose Bowl NFL Sweatshirt,Vinted,20.00,
2026-04-15,19:59,686,686 Vintage Trucker Hat,Vinted,15.30,
2026-04-16,02:23,377,377 Vintage Floral Baseball Hat Flower AOP,Depop,16.00,0.87
2026-04-16,06:13,,Vintage Denim Chore Jacket,Vinted,25.50,
2026-04-16,17:02,,Vintage Champion Sweatshirt,Vinted,20.00,
2026-04-16,17:53,3,3 Bundle 3 items,Vinted,40.00,
2026-04-16,18:57,5249,5249 Vintage Titleist Hat Pro V1 FJ,Depop,16.00,0.87
2026-04-16,21:53,458,458 Vintage Trucker Hat Milwaukee Wisconsin Eagle,Depop,14.90,0.83
2026-04-16,22:25,,Nautica Rain Jacket,Vinted,38.25,
2026-04-17,07:43,,Real Tree Sling Side Bag,Vinted,8.99,
2026-04-17,07:47,,Vintage Army T-Shirt,Vinted,12.00,
2026-04-17,14:17,537,537 Real Tree Camo Trucker Hat,Vinted,12.00,
2026-04-17,18:34,,Vintage L.L.Bean Rugby Shirt,Vinted,27.50,
2026-04-17,19:05,,Vintage Lacoste Rugby Shirt,Vinted,20.00,
2026-04-17,19:31,,The North Face Trucker Hat,Vinted,12.00,
2026-04-17,22:55,679,679 Adidas Baseball Hat,Vinted,7.00,
2026-04-17,23:07,,Oakland A’s Baseball Hat,Vinted,12.00,
2026-04-18,03:17,,Vintage Nike T-Shirt,Vinted,18.00,
2026-04-18,10:27,320,320 Vintage Trucker Hat,Vinted,12.00,
2026-04-18,10:29,276,276 Real Tree Camo Trucker Hat,Vinted,15.00,
2026-04-18,19:32,628,628 Cycling Baseball Hat Ragbrai 2007 Cycling,Depop,17.00,0.88
2026-04-18,20:59,,Vintage Levis Over Shirt OverShirt Quilt Lined,Depop,25.00,1.13
2026-04-18,22:50,590,590 Vintage Racing Baseball Hat,Vinted,16.00,
2026-04-19,08:34,,Vintage Trucker Hat,Vinted,18.00,
2026-04-19,12:44,,Vintage Navy T-Shirt,Vinted,12.00,
2026-04-19,12:45,,Vintage Blank T-Shirt,Vinted,12.00,
2026-04-19,13:30,,Vintage Blank T-Shirt,Vinted,15.00,
2026-04-19,15:06,,Vintage Army T-Shirt,Vinted,15.00,
2026-04-19,20:21,726,726 Vintage Trucker Hat Petoskey Michigan Travel,Depop,18.00,0.92
2026-04-19,22:14,711,711 Vintage Ford Trucker Hat,Vinted,14.00,
2026-04-19,23:13,669,669 Vintage College Trucker Hat,Vinted,12.00,
2026-04-20,08:11,,Real Tree Camo Baseball Hat,Vinted,8.00,
2026-04-20,09:44,,Burberry Harrington Jacket Burberrys 90s Lightweight Collared,Depop,40.00,1.56
2026-04-20,11:07,42,42 Siemans Real Tree Camo Baseball Hat,Depop,18.00,0.91
2026-04-20,13:06,705,705 Real Tree Camo Trucker Hat,Vinted,15.00,
2026-04-20,18:47,697,697 Vintage Trucker Hat,Vinted,16.20,
2026-04-20,18:56,34,34 Vintage Patagonia Trucker Hat,Vinted,15.00,
2026-04-20,19:22,693,693 Real Tree Camo Trucker Hat,Vinted,17.00,
2026-04-20,22:10,33,33 Nike Swoosh Baseball Hat,Vinted,9.00,
2026-04-21,09:43,2,2 Bundle 2 items,Vinted,33.25,
2026-04-21,09:46,50,50 Vintage Marine Trucker Hat Nissun Caps,Depop,17.00,0.88
2026-04-21,12:31,706,706 Adidas Baseball Hat,Vinted,15.00,
2026-04-21,13:15,,Minnesota Twins MLB Baseball Hat Baseball NFL,Depop,12.00,0.75
2026-04-21,13:24,727,727 Vintage Trucker Hat,Vinted,18.00,
2026-04-21,14:33,743,743 Real Tree Camo Baseball Hat,Vinted,10.00,
2026-04-21,14:35,696,696 Fishing Trucker Hat Shut Up And,Depop,15.00,0.84
2026-04-21,14:45,746,746 Vintage Trucker Hat,Vinted,16.00,
2026-04-21,15:25,,New Orleans Saints Baseball Hat Contrast Stitch,Depop,20.00,0.98
2026-04-22,08:19,567,567 Cooperstown Baseball Hat,Vinted,8.00,
2026-04-22,18:25,737,737 San Francisco Giants Baseball Hat,Vinted,13.50,
2026-04-22,18:25,,Real Tree Camo Baseball Hat,Vinted,13.00,
2026-04-22,18:42,247,247 Real Tree Camo Baseball Hat,Vinted,15.00,
2026-04-22,21:36,253,253 Vintage Trucker Hat,Vinted,10.00,
2026-04-23,07:38,329,329 Vintage Trucker Hat,Vinted,28.00,
2026-04-23,10:31,707,707 Vintage Trucker Hat,Vinted,14.40,
2026-04-23,10:38,263,263 Vintage Trucker Hat Recycling District Depot,Depop,14.50,1.07
2026-04-23,19:57,116,116 Vintage Fishing Trucker Hat GTE Division,Depop,14.60,0.82
2026-04-24,10:48,728,728 Vintage Trucker Hat Signatures #1 Grandpa,Depop,12.00,0.75
2026-04-24,11:55,405,405 Real Tree Camo Trucker Hat Born,Depop,14.00,0.81
2026-04-24,12:26,713,713 Vintage Trucker Hat,Vinted,11.00,
2026-04-24,12:32,638,638 Vintage Orvis Trucker Hat,Vinted,15.00,
2026-04-24,13:06,745,745 Vintage USA Trucker Hat USA Flag,Depop,14.00,0.81
2026-04-24,18:17,733,733 US Army Baseball Hat OTS-8 USMC,Depop,28.00,1.21
2026-04-24,19:42,54,54 Boston White Sox Baseball Hat MLB,Depop,14.00,0.81
2026-04-24,22:13,695,695 Vintage Buick Trucker Hat,Vinted,20.00,
2026-04-24,22:24,506,506 Nike Baseball Hat,Vinted,30.00,
2026-04-24,22:54,384,384 Real Tree Camo Trucker Hat,Vinted,15.00,
2026-04-25,00:13,730,730 Real Tree Camo Trucker Hat ACE,Depop,12.00,0.75
2026-04-25,01:41,418,418 Vintage Trucker Hat,Vinted,15.00,
2026-04-25,10:48,,Polo Ralph Lauren Rugby Shirt Colourblock Striped,Depop,30.00,1.27
2026-04-25,11:52,746,746 Vintage Trucker Hat Sandy Beach Lodge,Depop,17.00,0.89
2026-04-25,15:18,833,833 New Era Orioles Baseball Hat,Vinted,30.00,
2026-04-25,17:05,,NHL Baseball Hat,Vinted,11.00,
2026-04-25,17:09,360,360 Vintage Trucker Hat Rusty Surfboards Waves,Depop,18.00,0.92
2026-04-25,18:23,738,738 Vintage Trucker Hat Auction House Tractor,Depop,18.00,0.92
2026-04-26,12:13,17,17 Reebok Nashville Predators Baseball Hat,Vinted,12.00,
2026-04-26,12:23,742,742 Vintage Western Trucker Hat Sendero Cow,Depop,15.00,0.84
2026-04-26,14:08,803,803 Vintage Trucker Hat,Vinted,15.00,
2026-04-26,14:17,,Vintage Tommy Hilfiger Sweatshirt Crest USA Embroidered,Depop,15.00,0.84
2026-04-26,15:28,,Vintage Trucker Hat,Vinted,12.00,
2026-04-26,19:10,754,754 Vintage Western Trucker Hat,Vinted,12.00,
2026-04-26,19:18,,Vintage Levi’s Carpenter Jorts,Vinted,17.00,
2026-04-26,19:45,750,750 Vintage Trucker Hat,Vinted,15.00,
2026-04-26,19:50,,Real Tree Sling Side Bag,Vinted,7.20,
2026-04-26,20:48,721,721 Real Tree Camo Trucker Hat,Vinted,18.00,
2026-04-26,22:42,,Levis Denim Jacket,Vinted,22.50,
2026-04-27,08:16,433,433 Vintage Athletics Hat Yellowhammer Challenge Running,Depop,10.00,0.69
2026-04-27,10:38,769,769 Nike Running Hat Vapor Mesh Fitted,Depop,10.00,0.69
2026-04-27,13:59,805,805 Real Tree Camo Trucker Hat,Vinted,20.00,
2026-04-27,15:43,,Adidas Baseball Hat,Vinted,9.00,
2026-04-27,16:47,735,735 Vintage Trucker Hat Lost In Space,Depop,15.00,0.84
2026-04-27,21:58,715,715 Real Tree Camo Trucker Hat,Vinted,13.00,
2026-04-27,21:59,802,802 Vintage Trucker Hat,Vinted,15.00,
2026-04-27,22:33,190,190 Real Tree Camo Baseball Hat,Vinted,9.00,
2026-04-28,08:59,,Vintage Leather Flight Jacket,Vinted,40.00,
2026-04-28,12:57,,Lee Denim Jacket,Vinted,30.00,
2026-04-28,15:04,792,792 Hard Rock Cafe Baseball Hat,Vinted,16.00,
2026-04-28,15:50,688,688 Vintage Trucker Hat Gulfstream Private Jet,Depop,16.00,0.87
2026-04-28,17:29,807,807 Vintage Tapout Baseball Hat,Vinted,12.00,
2026-04-28,17:41,291,291 Real Tree Camo Trucker Hat,Vinted,14.40,
2026-04-28,20:43,793,793 Vintage Trucker Hat,Vinted,14.40,
2026-04-28,22:56,548,548 Vintage Mazda Baseball Hat Car Driving,Depop,10.00,0.69
2026-04-28,22:56,826,826 Vintage Trucker Hat,Vinted,9.00,
2026-04-29,07:01,,Baltimore Orioles Baseball Hat MLB Bird Bat,Depop,12.50,0.76
2026-04-29,08:20,,Vintage Nike Stade Toulousain Rugby Shirt Team,Depop,50.00,1.85
2026-04-29,11:10,797,797 MLB Baseball Hat,Vinted,12.00,
2026-04-29,14:50,,Vintage Baseball Hat,Vinted,20.00,
2026-04-29,15:20,615,615 Vintage Trucker Hat,Vinted,17.00,
2026-04-29,15:30,788,788 Real Tree Camo Trucker Hat,Vinted,17.00,
2026-04-29,16:37,,Adidas Baseball Hat,Vinted,15.00,
2026-04-29,18:41,772,772 Mitchell & Ness Baseball Hat,Vinted,5.00,
2026-04-29,20:09,784,784 MLB Oakland A’s Baseball Hat,Vinted,10.40,
2026-04-29,20:10,749,749 Vintage Trucker Hat,Vinted,20.00,
2026-04-29,20:21,752,752 Real Tree Camo Baseball Hat,Vinted,17.00,
2026-04-29,20:40,,Real Tree Sling Side Bag,Vinted,7.00,
2026-04-29,21:07,5,5 Bundle 5 items,Vinted,80.00,
2026-04-30,12:36,839,839 Vintage Yeti Trucker Hat,Vinted,9.00,
2026-04-30,12:45,818,818 Real Tree Camo Trucker Hat Outdoor,Depop,14.00,0.81
2026-04-30,13:09,818,818 Real Tree Camo Trucker Hat,Vinted,19.00,
2026-04-30,13:12,,Vintage Trucker Hat American Women’s Association Flags,Depop,15.00,0.84
2026-04-30,13:15,667,667 Real Tree Camo Baseball Hat,Vinted,23.00,
2026-04-30,14:12,591,591 Vintage Jesus Trucker Hat God Religion,Depop,9.00,0.66
2026-04-30,14:28,840,840 Umbro Baseball Hat,Vinted,15.00,
2026-04-30,15:02,,Vintage Harley Davidson T-Shirt VTG Biker GP,Depop,14.00,0.81
2026-04-30,18:13,732,732 Real Tree Camo Trucker Hat Winchester,Depop,16.00,0.87
2026-04-30,18:29,,Real Tree Camo Baseball Hat,Vinted,16.00,
2026-04-30,23:13,,Vintage Striped Rugby Shirt Polo Striped Long,Depop,25.00,1.13
2026-05-01,01:26,,Vintage Tiger T-Shirt Fruit Of The Loon,Depop,22.00,1.37
2026-05-01,02:59,,Real Tree Sling Side Bag Hunting Camo,Depop,8.99,0.65
2026-05-01,07:38,859,859 Vintage Farming Trucker Hat,Vinted,12.00,
2026-05-01,07:47,,Arizona Wildcats Baseball Hat,Vinted,12.00,
2026-05-01,08:21,621,621 Real Tree Camo Trucker Hat,Vinted,14.45,
2026-05-01,08:52,505,505 GAP Baseball Hat,Vinted,12.00,
2026-05-01,08:53,825,825 Vintage Baseball Hat Myrtle Beach Palm,Depop,11.00,0.72
2026-05-01,17:43,756,756 Real Tree Camo Trucker Hat Outdoor,Depop,10.00,0.69
2026-05-02,17:37,,Columbia Knit Rugby Shirt Vintage Polo Striped,Depop,13.20,0.78
2026-05-02,17:55,,Vintage Nike Hoodie Small Swoosh White Tag,Depop,21.00,1.52
2026-05-02,20:08,731,731 Real Tree Camo Baseball Hat Otto,Depop,13.20,0.78
2026-05-02,21:01,761,761 Real Tree Camo Trucker Hat Signatures,Depop,12.00,0.75
2026-05-02,23:05,325,325 Real Tree Camo Trucker Hat Arctic,Depop,15.00,0.84
2026-05-02,23:11,829,829 Real Tree Camo Trucker Hat Mossy,Depop,11.40,0.73
2026-05-03,18:00,,Vintage Adidas Polo Shirt Short Sleeve Pattern,Depop,13.20,0.78
2026-05-03,20:50,422,422 Real Tree Camo Trucker Hat Ducks,Depop,10.80,0.71
2026-05-04,13:28,856,856 Nike Baseball Hat Tick Small Swoosh,Depop,7.20,0.61
2026-05-05,05:08,,Vintage Nike Sweatshirt Nike Air Embroidered Swoosh,Depop,20.00,0.98
2026-05-05,11:59,906,906 Nike Baseball Hat Feather Light Embroidered,Depop,11.00,0.71
2026-05-05,16:18,634,634 Vintage Y2K Trucker Hat Sixty Nine,Depop,13.00,0.78
2026-05-05,21:40,,Vintage Trucker Hat War Veteran Patch Marshall,Depop,18.00,0.92
2026-05-06,14:02,849,849 Vintage Trucker Hat Drunk Slut Booze,Depop,10.00,0.69
2026-05-06,15:57,753,753 Chevrolet Trucker Hat Dodge Ram Car,Depop,18.00,0.92
2026-05-06,17:14,851,851 Real Tree Camo Trucker Hat Scania,Depop,13.00,0.78
2026-05-06,18:00,732,732 Railroad Train Engineer Hat Hickory Striped,Depop,23.20,1.07
2026-05-07,11:11,714,714 Vintage Trucker Hat,Vinted,9.50,
2026-05-07,11:43,,Vintage Adidas Football Jersey,Vinted,20.00,
2026-05-07,11:46,580,580 Detroit Tigers Baseball Hat,Vinted,15.00,
2026-05-07,15:39,867,867 Vintage Trucker Hat Country Tire Mechanic,Depop,13.00,0.78
2026-05-07,17:25,543,543 Vintage Band Trucker Hat,Vinted,12.00,
2026-05-07,22:03,841,841 Real Tree Camo Trucker Hat,Vinted,23.00,
2026-05-08,16:25,,Vintage Gap Fleece Full-Zip Sherpa Deepile Heavyduty,Depop,30.00,1.27
2026-05-09,10:36,509,509 Vintage Snap On Trucker Hat,Vinted,12.50,
2026-05-09,13:03,,Vintage Ice Cube T-Shirt Hip-Hop Rap Rapper,Depop,14.00,0.81
2026-05-09,14:00,755,755 Vintage Trucker Hat,Vinted,10.00,
2026-05-09,14:55,689,689 Vintage Trucker Hat,Vinted,11.00,
2026-05-09,16:44,887,887 Vintage Trucker Hat Laguna Beach Life,Depop,14.00,0.81
2026-05-09,19:30,783,783 San Francisco Giants Baseball Hat,Vinted,13.00,
2026-05-10,14:33,877,877 Vintage Trucker Hat Staff Summer Camp,Depop,15.30,0.85
2026-05-10,15:18,,Vintage Rugby Shirt Vintage Polo Blank Plain,Depop,14.00,0.81
2026-05-10,17:00,876,876 Vintage Trucker Hat,Vinted,14.00,
2026-05-10,17:35,782,782 Nike College Baseball Hat William Patterson,Depop,14.60,0.81
2026-05-11,00:21,431,431 NY Yankees Baseball Hat MLB Twins,Depop,28.00,1.21
2026-05-11,08:14,88,88 Titleist Golf Baseball Hat,Vinted,20.00,
2026-05-11,08:26,855,855 Adidas Baseball Hat,Vinted,10.00,
2026-05-11,16:03,2,2 Bundle 2 items,Vinted,30.00,
2026-05-11,16:46,943,943 NY Yankees Baseball Hat Annco MLB,Depop,20.00,1.52
2026-05-11,19:23,417,417 Real Tree Camo Trucker Hat,Vinted,11.00,
2026-05-11,20:14,966,966 Real Tree Camo Baseball Hat Bass,Depop,17.00,0.89
2026-05-11,20:36,947,947 Vintage Trucker Hat Fishing Dorado Shoot,Depop,6.00,0.58
2026-05-12,03:28,,Vintage Blank T-Shirt Pocket Tee Washed Fading,Depop,14.00,0.81
2026-05-12,18:08,984,984 Vintage Trucker Hat Maui Hawaii Fish,Depop,12.00,0.75
2026-05-12,19:51,909,909 Volcom 5 Pannel Baseball Hat Skate,Depop,18.00,0.92
2026-05-13,11:32,942,942 Supreme Baseball Hat Patterned Box Logo,Depop,40.00,1.55
2026-05-13,13:06,795,795 Real Tree Camo Trucker Hat,Vinted,16.00,
2026-05-13,18:05,843,843 Real Tree Camo Trucker Hat,Vinted,14.00,
2026-05-13,19:19,895,895 Railroad Train Engineer Hat,Vinted,25.00,
2026-05-13,19:47,861,861 Real Tree Camo Trucker Hat,Vinted,15.00,
2026-05-13,19:56,,United States Army Fleece Full-Zip Heavyduty Patch,Depop,19.00,0.95
2026-05-13,22:28,523,523 Vintage Cord Trucker Hat,Vinted,15.00,
2026-05-13,22:45,898,898 O’Neill Trucker Hat,Vinted,12.00,
2026-05-13,23:20,919,919 Real Tree Camo Baseball Hat Cabelas,Depop,17.00,0.89
2026-05-14,13:46,941,941 Vintage Trucker Hat Friendship Chinese Dragon,Depop,12.00,0.75
2026-05-14,14:51,1000,1000 Real Tree Camo Baseball Hat Budweiser,Depop,20.80,1.0
2026-05-14,15:48,893,893 Real Tree Camo Trucker Hat,Vinted,10.00,
2026-05-14,17:14,704,704 Army Marine Trucker Hat USA Builders,Depop,12.00,0.75
2026-05-14,22:11,710,710 Vintage Trucker Hat Cobra Caps Mens,Depop,14.00,0.81
2026-05-14,22:35,912,912 Real Tree Camo Trucker Hat,Vinted,15.00,
2026-05-15,08:46,575,575 Fishing Trucker Hat Bass Pro Shops,Depop,16.00,0.87
2026-05-15,13:25,880,880 Real Tree Camo Trucker Hat,Vinted,20.00,
2026-05-15,15:34,923,923 Real Tree Camo Baseball Hat,Vinted,18.00,
2026-05-15,22:58,852,852 Real Tree Camo Trucker Hat,Vinted,15.00,
2026-05-15,23:09,814,814 Real Tree Camo Trucker Hat Remington,Depop,15.00,1.51
2026-05-16,08:03,547,547 Vintage Trucker Hat,Vinted,9.00,
2026-05-16,08:35,917,917 Columbia Baseball Hat,Vinted,18.00,
2026-05-16,08:45,903,903 Real Tree Camo Trucker Hat,Vinted,12.00,
2026-05-16,13:54,925,925 Real Tree Camo Baseball Hat,Vinted,14.00,
2026-05-16,14:00,920,920 Real Tree Camo Trucker Hat,Vinted,13.00,
2026-05-16,19:43,904,904 Vintage Pillsbury Dough Boy Trucker Hat,Vinted,35.00,
2026-05-16,22:17,869,869 Jesus Baseball Hat,Vinted,15.00,
2026-05-17,12:27,926,926 Vintage Trucker Hat,Vinted,12.00,
2026-05-17,16:35,770,770 Vintage Trucker Hat,Vinted,15.00,
2026-05-17,16:38,927,927 Real Tree Camo Trucker Hat,Vinted,15.00,
2026-05-17,18:45,,Vintage Snoopy Sweatshirt 1985 Cartoon Vintage Graphic,Depop,35.00,1.42
2026-05-17,21:09,,Vintage Nike Sweatshirt,Vinted,16.00,
2026-05-17,22:23,938,938 Real Tree Camo Trucker Hat Outdoor,Depop,15.00,0.84
2026-05-18,09:18,922,922 Real Tree Camo Trucker Hat,Vinted,16.00,
2026-05-18,12:15,,Vintage Trucker Hat,Vinted,20.00,
2026-05-18,21:09,954,954 Real Tree Camo Baseball Hat,Vinted,15.00,
2026-05-18,21:49,836,836 Adidas Zurich Baseball Hat,Vinted,11.00,
2026-05-18,22:08,1006,1006 Vintage Shark Baseball Hat Tonal Ocean,Depop,11.60,0.74
2026-05-19,10:47,953,953 Real Tree Camo Trucker Hat,Vinted,18.00,
2026-05-19,11:15,367,367 Real Tree Camo Trucker Hat,Vinted,10.00,
2026-05-19,12:16,819,819 Dr Pepper Trucker Hat,Vinted,14.00,
2026-05-19,15:25,258,258 Real Tree Camo Baseball Hat Fishing,Depop,10.00,0.69
2026-05-19,20:19,1039,1039 Vintage Trucker Hat Coal Mining Black,Depop,12.00,0.75
2026-05-19,21:49,,Real Tree Sling Side Bag Hunting Camo,Depop,7.00,0.59
2026-05-19,21:57,858,858 Vintage Western Trucker Hat Rumple Minze,Depop,14.60,0.82
2026-05-20,19:24,,Vintage Perux Wear Leather Jacket Type B32,Depop,30.00,1.32
2026-05-21,08:14,946,946 Vintage Trucker Hat,Vinted,12.00,
2026-05-21,08:44,528,528 Vintage Trucker Hat,Vinted,11.00,
2026-05-21,09:04,921,921 Real Tree Camo Baseball Hat,Vinted,15.00,
2026-05-21,11:22,,Oakland A’s Baseball Hat,Vinted,18.00,
2026-05-21,13:53,957,957 Vintage Trucker Hat,Vinted,15.00,
2026-05-21,17:16,,Dickies Shirt Jacket Workwear Work Y2K Tartan,Depop,25.00,1.13
2026-05-21,17:19,747,747 Vintage Trucker Visor Hat,Vinted,8.50,
2026-05-21,17:51,1011,1011 Real Tree Camo Trucker Hat USA,Depop,12.00,0.75
2026-05-21,18:08,1019,1019 Vintage Trucker Hat Horse Training Farm,Depop,9.00,0.66
2026-05-21,18:36,791,791 Philadelphia Phillies Baseball Hat,Vinted,15.00,
2026-05-21,20:29,,Real Tree Sling Side Bag Hunting Camo,Depop,7.00,0.59
2026-05-22,06:32,,Real Tree Camo Baseball Hat Kati Ducks,Depop,15.00,0.84
2026-05-22,13:51,,Minnesota Twins Baseball Hat MLB League American,Depop,10.00,1.03
2026-05-22,23:06,962,962 Real Tree Camo Trucker Hat,Vinted,16.00,
2026-05-23,13:01,775,775 US Navy Baseball Hat USS Kirk,Depop,20.00,0.98
2026-05-23,14:01,,Kansas Jayhawks Baseball Hat,Vinted,15.00,
2026-05-23,16:37,864,864 Real Tree Camo Trucker Hat,Vinted,12.00,
2026-05-23,19:47,,Vintage Army T-Shirt,Vinted,18.00,
2026-05-24,06:20,911,911 Real Tree Camo Trucker Hat,Vinted,15.00,
2026-05-24,07:36,967,967 Real Tree Camo Baseball Hat,Vinted,21.00,
2026-05-24,13:26,986,986 Vintage Trucker Hat,Vinted,15.00,
2026-05-24,14:06,,Real Tree Tote Bag,Vinted,10.99,
2026-05-24,16:00,,Real Tree Camo Baseball Hat,Vinted,8.00,
2026-05-24,21:55,,Vintage Grateful Dead T-Shirt,Vinted,18.00,
2026-05-24,22:33,961,961 Vintage Trucker Hat Garrett Metal Detectors,Depop,16.00,0.87
2026-05-24,22:47,981,981 Vintage Trucker Hat,Vinted,16.00,
2026-05-25,12:53,,Vintage Carhartt Graphic T-Shirt Y2K 90s Work,Depop,14.00,0.81
2026-05-25,15:02,978,978 Real Tree Camo Trucker Hat,Vinted,15.00,
2026-05-25,20:39,885,885 Vintage Trucker Hat Pin Striped Country,Depop,15.00,0.84
2026-05-25,20:59,978,978 Real Tree Camo Trucker Hat Outdoors,Depop,14.00,0.81
2026-05-25,21:21,,Nike Baseball Hat Air Swoosh White Tag,Depop,6.60,0.59
2026-05-25,21:51,1007,1007 Vintage Trucker Hat,Vinted,12.00,
2026-05-25,22:01,1040,1040 Real Tree Camo Trucker Hat Barbed,Depop,12.00,0.75
2026-05-25,22:04,1008,1008 Vintage Trucker Hat,Vinted,15.00,
2026-05-25,22:44,3,3 Bundle 3 items,Vinted,45.90,
2026-05-25,23:09,,Vintage Striped T-Shirt,Vinted,28.00,
2026-05-26,08:52,902,902 Real Tree Camo Trucker Hat,Vinted,10.00,
2026-05-26,10:08,796,796 Real Tree Camo Baseball Hat,Vinted,16.00,
2026-05-26,11:43,870,870 Gant Baseball Hat Summer Running Golf,Depop,12.00,0.75
2026-05-26,12:34,,Vintage Greenpeace T-Shirt,Vinted,25.00,
2026-05-26,13:24,1083,1083 Bass Pro Shops Trucker Hat Fishing,Depop,16.00,0.87
2026-05-26,13:37,,Oakland Raiders NFL Baseball Hat NFL Team,Depop,10.00,0.69
2026-05-26,19:23,1024,1024 Real Tree Camo Trucker Hat,Vinted,12.00,
2026-05-27,08:30,998,998 Real Tree Camo Baseball Hat,Vinted,22.00,
2026-05-27,10:01,872,872 Real Tree Camo Trucker Hat Landscaping,Depop,9.60,0.68
2026-05-27,11:15,993,993 Real Tree Camo Trucker Hat Outdoor,Depop,14.40,0.82
2026-05-27,13:05,1023,1023 Real Tree Camo Baseball Hat,Vinted,18.00,
2026-05-27,14:26,,Real Tree Camo Baseball Hat Cap America,Depop,11.20,0.73
2026-05-27,16:03,,Vintage Army T-Shirt Camouflage Camo College USMC,Depop,10.00,0.69
2026-05-27,17:01,1015,1015 Real Tree Camo Trucker Hat,Vinted,17.00,
2026-05-27,18:24,988,988 Real Tree Camo Trucker Hat,Vinted,14.00,
2026-05-27,18:57,982,982 Harley Davidson Trucker Hat Biker Racing,Depop,15.10,0.84
2026-05-27,21:01,146,146 Vintage Trucker Hat,Vinted,17.00,
2026-05-27,21:09,134,134 Vintage Trucker Hat Nissun Tie Dye,Depop,11.00,0.72
2026-05-27,21:29,,Vintage Mickey Mouse Vest T-Shirt 90s VTG,Depop,7.00,0.6
2026-05-28,08:42,1065,1065 Vintage Halloween Trucker Hat Vintage Rocky,Depop,11.00,0.72
2026-05-28,08:52,1137,1137 Vintage Trucker Hat Cedar Inn Duck,Depop,15.00,0.84
2026-05-28,13:48,,Vintage Sergio Tacchini Track Jacket,Vinted,20.00,
2026-05-28,14:30,709,709 Vintage Trucker Hat Lucky Me I,Depop,14.00,0.81
2026-05-28,18:49,1049,1049 Racing Trucker Hat,Vinted,13.00,
2026-05-28,18:49,949,949 GMC Trucker Hat,Vinted,12.00,
2026-05-28,22:06,1002,1002 Real Tree Camo Trucker Hat,Vinted,8.00,
2026-05-28,22:37,,Real Tree Camo Trucker Hat Grain Farming,Depop,12.00,1.05
2026-05-29,00:32,49,49 Vintage Farming Trucker Hat Otto Caps,Depop,14.40,1.53
2026-05-29,00:37,1005,1005 Real Tree Camo Trucker Hat,Vinted,20.00,
2026-05-29,04:48,,Real Tree Camo Baseball Hat Coyote Hunting,Depop,14.40,0.82
2026-05-29,07:04,1041,1041 Real Tree Camo Baseball Hat,Vinted,14.00,
2026-05-29,10:35,952,952 Fila Baseball Hat,Vinted,7.50,
2026-05-29,15:20,960,960 Vintage USA Trucker Hat Star Embroidered,Depop,10.00,0.69
2026-05-29,15:20,406,406 Real Tree Camo Baseball Hat Chevrolet,Depop,8.00,0.63
2026-05-29,15:21,913,913 Vintage Trucker Hat,Vinted,15.00,
2026-05-29,16:01,1130,1130 Vintage Fishing Trucker Hat Rocky Mountains,Depop,14.50,0.82
2026-05-29,17:28,,Real Tree Camo Baseball Hat Hoss 2004,Depop,12.80,1.9
2026-05-29,19:20,1044,1044 Real Tree Camo Baseball Hat Dodge,Depop,17.60,0.91
2026-05-29,20:48,985,985 Racing Baseball Hat,Vinted,8.00,
2026-05-29,22:54,963,963 Real Tree Camo Baseball Hat,Vinted,19.00,
2026-05-29,23:22,989,989 Real Tree Camo Trucker Hat,Vinted,7.50,
2026-05-30,00:19,605,605 Hooters Baseball Hat,Vinted,13.00,
2026-05-30,01:20,,Vintage Cotton Traders Rugby Shirt Colourblock Striped,Depop,10.29,0.7
2026-05-30,08:40,773,773 Vintage Trucker Hat Plain Checkered Tartan,Depop,12.00,0.75
2026-05-30,08:53,1166,1166 Real Tree Camo Trucker Hat Miller,Depop,16.00,0.87
2026-05-30,09:46,,Vintage Patagonia Fleece Fill-Zip Deep Pile Retro,Depop,48.00,1.79
2026-05-30,10:16,1121,1121 Ford Racing Baseball Hat Power Stroke,Depop,6.00,0.58
2026-05-30,12:06,1069,1069 Real Tree Camo Trucker Hat Chevrolet,Depop,13.00,0.78
2026-05-30,13:09,1060,1060 Real Tree Camo Trucker Hat,Vinted,14.00,
2026-05-30,14:42,541,541 Real Tree Camo Baseball Hat,Vinted,15.00,
2026-05-30,16:30,838,838 Vintage Trucker Hat Stihl Chainsaw Timbersport,Depop,8.00,0.63
2026-05-31,00:17,1061,1061 Real Tree Camo Trucker Hat,Vinted,10.00,
2026-05-31,10:47,1055,1055 Vintage Trucker Hat,Vinted,16.00,
2026-05-31,10:51,1094,1094 Vintage Navajo Trucker Hat Pendleton Patterned,Depop,17.00,0.89
2026-05-31,17:24,157,157 Real Tree Camo Baseball Hat,Vinted,13.00,
2026-05-31,18:11,946,946 Vintage Trucker Hat Horseshoe Las Vegas,Depop,9.60,1.04
2026-05-31,19:23,1066,1066 Ford Racing Baseball Hat,Vinted,12.00,
2026-05-31,21:23,,Breitling Baseball Hat,Vinted,20.00,
2026-05-31,22:42,598,598 Vintage Tennis Trucker Hat,Vinted,12.00,
2026-05-31,22:45,1108,1108 Vintage Trucker Hat Sales Association College,Depop,12.00,0.65
2026-06-01,08:25,1101,1101 Real Tree Camo Trucker Hat,Vinted,13.60,
2026-06-01,10:08,398,398 Vintage Trucker Hat Postal Service Patch,Depop,8.00,0.63
2026-06-01,20:37,1091,1091 Real Tree Camo Trucker Hat,Vinted,13.00,
2026-06-01,22:22,,Toyota Racing Baseball Hat,Vinted,11.00,
2026-06-02,00:50,1099,1099 Vintage Trucker Hat,Vinted,17.50,
2026-06-02,09:24,1110,1110 Real Tree Camo Trucker Hat,Vinted,18.00,
2026-06-02,13:07,,Real Tree Sling Side Bag Hunting Camo,Depop,5.00,0.53
2026-06-02,13:18,813,813 WWE John Cena Baseball Hat,Vinted,9.50,
2026-06-03,00:03,777,777 Real Tree Camo Trucker Hat Outdoor,Depop,20.00,1.34
2026-06-03,12:10,1141,1141 Vintage IBA Trucker Hat IBA Japan,Depop,10.20,0.7
2026-06-03,12:17,1129,1129 Vintage Golf Trucker Hat US OPEN,Depop,19.00,0.95
2026-06-03,13:42,4,4 Bundle 4 items,Vinted,50.00,
2026-06-03,17:56,,Vintage MLB T-Shirt Salem 1994 Minnesota Twins,Depop,22.00,1.32
2026-06-03,22:23,1158,1158 Columbia Camo Baseball Hat Army Patch,Depop,20.00,0.98
2026-06-04,13:24,1134,1134 Real Tree Baseball Hat,Vinted,16.00,
2026-06-04,16:12,,Real Tree Sling Side Bag Hunting Camo,Depop,7.19,0.6
2026-06-04,17:59,972,972 Vintage Trucker Hat Circus Show Screen,Depop,15.00,0.84
2026-06-04,18:00,1122,1122 Real Tree Camo Trucker Hat,Vinted,10.00,
2026-06-04,18:34,,Real Tree Sling Side Bag Hunting Camo,Depop,5.00,0.53
2026-06-04,19:05,,Vintage Levis Denim Shirt Collared Long Sleeve,Depop,15.00,0.84
2026-06-04,19:56,935,935 Vintage Trucker Hat RMAG Construction Commercial,Depop,9.60,0.68
2026-06-04,21:28,658,658 Vintage Trucker Hat LaidLaw Embroidered Mesh,Depop,14.00,0.81
2026-06-04,23:53,,Vintage Russell Athletic Sweatshirt Ringer Collar Blank,Depop,22.40,1.05
2026-06-05,02:55,,Polo Ralph Lauren Hoodie Graphic AOP Western,Depop,40.00,1.56
2026-06-05,08:10,1126,1126 Vintage Tabasco Trucker Hat Hot Sauce,Depop,25.00,1.13
2026-06-05,08:45,1125,1125 Real Tree Camo Baseball Hat,Vinted,12.00,
2026-06-05,09:16,1124,1124 Real Tree Camo Trucker Hat Team,Depop,14.80,0.83
2026-06-05,10:00,1135,1135 Real Tree Camo Trucker Hat,Vinted,17.00,
2026-06-05,10:00,983,983 Railroad Train Engineer Hat,Vinted,18.00,
2026-06-05,10:01,1136,1136 Real Tree Camo Trucker Hat,Vinted,8.00,
2026-06-05,10:15,635,635 Vintage UPS Trucker Hat,Vinted,7.20,
2026-06-05,14:33,1060,1060 Real Tree Camo Trucker Hat Barbed,Depop,10.00,0.69
2026-06-05,19:19,1131,1131 Vintage Racing Trucker Hat,Vinted,17.00,
2026-06-05,20:45,,Vintage Wrangler T-Shirt,Vinted,15.00,
2026-06-05,20:53,,Real Tree Camo Trucker Hat,Vinted,11.00,
2026-06-05,21:03,1140,1140 Vintage New Mexico Trucker Hat,Vinted,10.00,
2026-06-05,23:44,1134,1134 Real Tree Baseball Hat Team RealTree,Depop,12.00,0.75
2026-06-06,01:29,892,892 Real Tree Camo Trucker Hat,Vinted,14.00,
2026-06-06,09:47,1162,1162 Vintage Trucker Hat,Vinted,11.00,
2026-06-06,12:01,1082,1082 Real Tree Camo Trucker Hat,Vinted,14.00,
2026-06-06,20:30,1116,1116 Vintage Trucker Hat Otto Aircraft Planes,Depop,19.00,0.95
2026-06-06,20:39,1154,1154 Real Tree Camo Trucker Hat,Vinted,12.00,
2026-06-07,03:21,531,531 NBA Nike Baseball Hat Basketball Colourblock,Depop,12.00,0.97
2026-06-07,07:54,1147,1147 Vintage World Cup Baseball Hat,Vinted,18.00,
2026-06-07,07:59,525,525 Vintage BMW Trucker Hat,Vinted,12.00,
2026-06-07,09:28,1052,1052 Vintage Trucker Hat National Baseball Hall,Depop,14.00,0.81
2026-06-07,09:35,1159,1159 Vintage Trucker Hat,Vinted,13.00,
2026-06-07,10:11,1139,1139 Vintage Jamaica Trucker Hat Floral Flowers,Depop,12.00,0.75
2026-06-07,15:19,,Vintage French Work Shirt,Vinted,30.00,
2026-06-07,19:40,1157,1157 Real Tree Camo Trucker Hat,Vinted,12.00,
2026-06-07,21:36,,Vintage Army T-Shirt,Vinted,10.50,
2026-06-07,22:04,396,396 Real Tree Camo Trucker Hat Ducks,Depop,14.40,0.82
2026-06-07,22:57,,Vintage Fireman’s Coat,Vinted,35.00,
2026-06-08,00:49,1081,1081 Real Tree Camo Trucker Hat,Vinted,14.90,
2026-06-08,08:33,1128,1128 Vintage Trucker Hat Sam’s Town Casino,Depop,16.00,0.87
2026-06-08,09:40,1087,1087 Vintage Trucker Hat,Vinted,19.00,
2026-06-08,10:01,979,979 Vintage Trucker Hat,Vinted,15.00,
2026-06-08,10:15,,Carhartt Gilet Jacket,Vinted,44.00,
2026-06-08,13:06,1161,1161 Vintage Trucker Hat Catalina Island California,Depop,17.00,0.89
2026-06-08,18:01,393,393 Real Tree Camo Trucker Hat,Vinted,12.00,
2026-06-08,20:44,1185,1185 Real Tree Camo Trucker Hat,Vinted,14.00,
2026-06-08,21:03,293,293 Real Tree Camo Trucker Hat,Vinted,15.00,
2026-06-08,22:41,,Vintage Eagles T-Shirt Eagles Gildan Ultra Cotton,Depop,15.00,0.84
2026-06-08,22:48,211,211 Real Tree Camo Trucker Hat,Vinted,10.00,
2026-06-08,23:33,1186,1186 Real Tree Camo Trucker Hat,Vinted,18.00,
2026-06-09,10:41,763,763 Real Tree Camo Trucker Hat,Vinted,15.00,
2026-06-09,19:04,1136,1136 Real Tree Camo Trucker Hat Signatures,Depop,12.00,0.75
2026-06-09,21:44,379,379 Vintage Trucker Hat,Vinted,12.00,
2026-06-09,22:12,3,3 Bundle 3 items,Vinted,38.00,
2026-06-09,23:27,558,558 Army Marine Baseball Hat Blank Digi,Depop,14.40,0.82
2026-06-10,00:57,,Vintage Nike Town T-Shirt Atlanta USA Y2K,Depop,28.00,1.21
2026-06-10,09:53,1275,1275 Claywell Licht Fishing Team Baseball Hat,Depop,14.00,0.79
2026-06-10,10:09,1104,1104 Real Tree Camo Trucker Hat Remington,Depop,13.60,0.8
2026-06-10,10:21,1103,1103 Real Tree Camo Trucker Hat Two-Tone,Depop,9.00,0.66
2026-06-10,14:15,1175,1175 Real Tree Camo Trucker Hat,Vinted,12.00,
2026-06-10,19:01,1170,1170 Vintage Trucker Hat World Best Grandpa,Depop,13.00,0.78
2026-06-10,19:48,566,566 Baltimore Ravens Baseball Hat,Vinted,10.00,
2026-06-11,01:38,974,974 Real Tree Camo Baseball Hat,Vinted,13.00,
2026-06-11,08:29,1109,1109 Vintage Trucker Hat,Vinted,14.40,
2026-06-11,12:23,1206,1206 Anderson's Honda Trucker Hat Anderson's Honda,Depop,14.00,0.79
2026-06-11,13:13,1279,1279 NBA New York Knicks Baseball Hat,Depop,22.00,1.02
2026-06-11,13:30,1042,1042 Real Tree Camo Trucker Hat,Vinted,12.00,
2026-06-11,17:58,1075,1075 Vintage Poker Trucker Hat Crazy 8s,Depop,10.00,0.69
2026-06-11,21:16,,Seattle Marines Baseball Hat MLB Pro League,Depop,7.00,0.6
2026-06-11,21:18,883,883 Real Tree Camo Trucker Hat Outdoor,Depop,10.00,0.69
2026-06-11,21:18,1233,1233 Machines Trucker Hat Shelton Business Machines,Depop,10.00,0.68
2026-06-11,21:21,1043,1043 Real Tree Camo Trucker Hat Remington,Depop,12.80,0.77
2026-06-11,21:28,1105,1105 Real Tree Camo Trucker Hat,Vinted,9.60,
2026-06-11,21:39,1072,1072 Real Tree Camo Trucker Hat,Vinted,15.00,
2026-06-11,21:48,202,202 Real Tree Camo Trucker Hat,Vinted,18.00,
2026-06-11,21:57,1184,1184 Vintage John Deere Trucker Hat,Vinted,11.00,
2026-06-11,22:45,647,647 Cleveland Guardians Baseball Hat,Vinted,10.00,
2026-06-11,22:54,,New England Patriots Baseball Hat Champions NFL,Depop,5.40,0.74
2026-06-12,07:46,1313,1313 NFL Buffalo Bills Baseball Hat Reebok,Depop,14.00,0.79
2026-06-12,10:34,664,664 Vintage Golf Baseball Hat,Vinted,17.00,
2026-06-12,12:18,,Vintage Denim Jacket Work King Bomber Vintage,Depop,17.00,0.89
2026-06-12,13:25,1096,1096 Vintage Hawaii Trucker Hat,Vinted,13.60,
2026-06-12,14:49,779,779 New York Islanders Baseball Hat Logo,Depop,14.00,0.81
2026-06-12,18:14,,Real Tree Native Pride America Baseball Cap,Depop,9.00,0.66
2026-06-12,18:17,1225,1225 Realtree Hardwoods Camo Trucker Hat Realtree,Depop,13.00,0.76
2026-06-12,18:27,26,26 Real Tree Camo Baseball Hat,Vinted,15.00,
2026-06-12,20:17,1238,1238 Titleist Golf Baseball Hat Titleist Golf,Depop,8.00,0.62
2026-06-12,20:21,1229,1229 Chevrolet Realtree Camo Baseball Hat Chevrolet,Depop,10.00,0.68
2026-06-13,00:35,1138,1138 Vintage NYC Trucker Hat Statue Of,Depop,12.00,0.75
2026-06-13,10:50,1177,1177 Real Tree Camo Baseball Hat,Vinted,15.20,
2026-06-13,15:26,1280,1280 Stüssy Baseball Hat Stussy Skate Surf,Depop,12.00,0.73
2026-06-13,21:04,690,690 Vintage Trucker Hat,Vinted,10.80,
2026-06-13,21:06,933,933 Real Tree Camo Trucker Hat,Vinted,10.00,
2026-06-13,21:14,,Real Tree Camo Trucker Hat Sportsman Country,Depop,6.00,0.58
2026-06-13,21:20,996,996 Vintage Trucker Hat,Vinted,12.00,
2026-06-13,21:28,1251,1251 Oakley Stealth Baseball Hat Oakley Stealth,Depop,14.00,0.79
2026-06-14,13:27,,NASCAR Rain Jacket Y2K Chase Authentic Home,Depop,20.00,0.98
2026-06-14,14:25,1181,1181 Real Tree Camo Baseball Hat,Vinted,11.00,
2026-06-14,16:08,1062,1062 San Francisco Giants Baseball Hat,Vinted,15.00,
2026-06-14,19:19,,Vintage Trucker Hat,Vinted,12.00,
2026-06-14,19:20,1228,1228 Detroit Tigers Camo Baseball Hat,Vinted,13.50,
2026-06-14,19:55,,Vintage Golf Jumper Golf Bag Crest Patterned,Depop,15.00,0.84
2026-06-14,20:36,748,748 Vintage Western Trucker Hat,Vinted,12.60,
2026-06-14,22:18,1034,1034 Real Tree Camo Baseball Hat,Vinted,14.40,
2026-06-14,22:52,811,811 Real Tree Camo Baseball Hat,Vinted,15.00,
2026-06-14,22:56,1082,1082 Real Tree Camo Trucker Hat,Vinted,13.60,
2026-06-14,23:24,,Vintage Denim Jacket Canyon River Blues Bomber,Depop,16.00,0.87
2026-06-14,23:40,1205,1205 Mossy Oak Baseball Hat,Vinted,15.00,
2026-06-15,13:11,15,15 Vintage College Baseball Hat,Vinted,15.00,
2026-06-15,13:48,1316,1316 Nike Baseball Hat Signature Flight Support,Depop,8.00,0.62
2026-06-15,16:54,2,2 Bundle 2 items,Vinted,35.15,
2026-06-15,17:34,828,828 Vintage Trucker Hat Nissun Caps Kansas,Depop,10.00,0.69
2026-06-15,17:57,,Real Tree Sling Side Bag Hunting Camo,Depop,6.00,0.56
2026-06-15,18:39,963,963 Real Tree Camo Baseball Hat Plain,Depop,15.20,0.84
2026-06-15,22:26,1235,1235 On The Level Concrete Trucker Hat,Vinted,12.00,
2026-06-15,22:52,,Vintage Yankees Thermal T-Shirt,Vinted,16.00,
2026-06-15,22:53,1303,1303 Ducks Unlimited Trucker Hat Ducks Unlimited,Depop,18.00,0.91
2026-06-16,08:30,848,848 Vintage Trucker Hat,Vinted,14.00,
2026-06-16,08:54,,Vintage College T-Shirt,Vinted,12.00,
2026-06-16,09:14,1172,1172 College Trucker Hat,Vinted,11.00,
2026-06-16,11:11,1230,1230 USA Baseball Hat,Vinted,13.60,
2026-06-16,11:50,1112,1112 Real Tree Camo Trucker Hat,Vinted,15.20,
2026-06-16,15:15,1244,1244 Flintstones Yabba Dabba Doo Trucker Hat,Depop,22.00,1.02
2026-06-16,19:21,205,205 Vintage Trucker Hat,Vinted,12.00,
2026-06-16,19:39,,Vintage Guess Jeans T-Shirt,Vinted,38.00,
2026-06-16,22:37,2,2 Bundle 2 items,Vinted,33.25,
2026-06-17,22:28,1073,1073 Vintage Trucker Hat Truck Junction Car,Depop,14.00,0.81
2026-06-17,22:38,,Team Real Tree Camo Trucker Hat,Vinted,7.50,
2026-06-18,06:47,945,945 Patagonia Trucker Hat,Vinted,14.00,
2026-06-18,07:30,1196,1196 Titleist Golf Baseball Hat,Vinted,15.00,
2026-06-18,14:14,657,657 Vintage Ford Trucker Hat,Vinted,22.0,0.0
2026-06-18,21:07,1152,1152 Vintage Cord Trucker Hat,Vinted,17.0,0.0
2026-06-18,22:27,1155,1155 Real Tree Camo Baseball Hat,Vinted,17.1,0.0
2026-06-19,07:22,1256,1256 Weatherby Camo Baseball Hat,Vinted,12.0,0.0
2026-06-19,16:12,,Vintage Striped Rugby Shirt Compaq Tools Sponsor,Depop,21.0,1.01
2026-06-20,09:55,1272,1272 Fitzgeralds Garage Wrecker Trucker Hat,Vinted,12.0,0.0
2026-06-20,10:28,1257,1257 Realtree Camo Baseball Hat,Vinted,12.0,0.0
2026-06-20,17:35,,Nike ACG Puffer Jacket Gilet Removable Sleeves,Depop,24.0,1.1
2026-06-20,21:08,1284,1284 RealTree Texas Camo Baseball Hat Symank,Depop,12.0,0.73
2026-06-20,22:49,,Lee Storm Rider Denim Jacket Rugged Wear,Depop,34.0,1.39
2026-06-21,01:05,1156,1156 Real Tree Camo Trucker Hat Signatures,Depop,15.2,0.84
2026-06-21,02:05,,Vintage Striped Polo Shirt 70s 80s Colourblock,Depop,14.4,0.82
2026-06-21,17:50,1328,1328 Master Bait Realtree Camo Trucker Hat,Depop,12.0,0.73
2026-06-21,18:13,,Real Tree Sling Side Bag Hunting Camo,Depop,6.0,0.56
2026-06-21,19:31,1332,1332 Realtree Camo Baseball Hat Winchester Rifle,Depop,13.0,0.76
2026-06-21,19:30,36,36 MLB New York Mets Baseball Hat,Vinted,12.0,0.0
2026-06-21,19:39,1283,1283 I Love Jesus Realtree Camo Baseball Hat,Vinted,15.0,0.0
2026-06-21,20:32,1325,1325 Cinema City Video Store Trucker Hat,Vinted,20.0,0.0
2026-06-21,22:42,1418,1418 Hoosier Racing Tire Baseball Hat Hoosier,Depop,15.0,0.82
2026-06-22,11:00,,Vintage Ralph Lauren Polo Shirt Short Sleeve,Depop,16.0,0.87
2026-06-22,14:57,1321,1321 Switzer Oklahoma Baseball Hat,Vinted,15.0,0.0
2026-06-22,17:44,1329,1329 Realtree APC Camo Baseball Hat Realtree,Depop,16.0,0.85
2026-06-22,18:48,1336,1336 MLB Boston Red Sox Baseball Hat,Depop,12.0,0.73
2026-06-22,19:16,1287,1287 Duck Commander Pink Camo Trucker Hat,Depop,11.0,0.71
2026-06-23,01:00,955,955 Vintage Trucker Hat,Vinted,18.0,0.0
2026-06-23,11:21,1248,1248 Wilcart RV Trucker Hat Wilcart RV,Depop,13.6,0.78
2026-06-23,13:14,1388,1388 Realtree Pink Camo Baseball Hat Realtree,Depop,22.0,1.02
2026-06-23,13:31,1242,1242 Titleist Golf Hat,Vinted,19.0,0.0
2026-06-23,16:20,1222,1222 Titleist Golf Hat,Vinted,18.0,0.0
2026-06-23,18:41,1305,1305 Caterpillar CAT Distressed Baseball Hat,Vinted,14.0,0.0
2026-06-23,20:02,826,826 Vintage Trucker Hat ABE Home Centre,Depop,10.0,0.69
2026-06-23,21:18,,Timberland Baseball Hat,Vinted,6.0,0.0
2026-06-23,21:40,373,373 Vintage Trucker Hat,Vinted,10.0,0.0
2026-06-23,22:44,1266,1266 Callaway Hickory Stripe Golf Baseball Hat,Vinted,17.6,0.0
2026-06-23,23:14,1192,1192 Adidas Baseball Hat,Vinted,5.5,0.0
2026-06-24,07:53,1030,1030 Vintage Trucker Hat Nissan Gray Bar,Depop,12.0,0.75
2026-06-24,08:42,1207,1207 GM Parts Racing Trucker Hat,Vinted,15.0,0.0
2026-06-24,12:01,1385,1385 Forest Camo Trucker Hat Hubbard Feeds,Depop,17.0,0.88
2026-06-24,10:36,1354,1354 Toyota Camo Baseball Hat,Vinted,18.0,0.0
2026-06-24,10:52,1089,1089 Real Tree Camo Trucker Hat,Vinted,8.0,0.0
2026-06-24,14:29,1277,1277 Michigan Wolverines Wool Baseball Hat Nike,Depop,12.0,0.73
2026-06-24,15:05,1348,1348 Nike Baseball Hat,Vinted,17.0,0.0
2026-06-24,15:18,1356,1356 Realtree Camo Baseball Hat,Vinted,16.0,0.0
2026-06-24,15:24,881,881 Real Tree Camo Trucker Hat,Vinted,14.0,0.0
2026-06-24,17:47,874,874 Real Tree Camo Trucker Hat Head,Depop,6.0,0.58
2026-06-24,18:05,1343,1343 NCAA Carroll Cougars Trucker Hat,Vinted,12.0,0.0
2026-06-24,20:39,1312,1312 NFL Raiders Baseball Hat Las Vegas,Depop,12.0,0.73
2026-06-24,21:25,207,207 Vintage Trucker Hat Nissun Caps Walmart,Depop,11.0,0.72
2026-06-24,22:02,1120,1120 Dodge Ram Racing Trucker Hat Diesel,Depop,13.6,0.8
2026-06-24,21:25,1349,1349 Adidas Baseball Hat,Vinted,10.0,0.0
2026-06-24,23:38,1223,1223 PING Golf Trucker Hat PING Golf,Depop,12.0,0.73
2026-06-24,22:43,691,691 Real Tree Camo Trucker Hat,Vinted,16.0,0.0
2026-06-25,01:09,1271,1271 Garrett Metal Detectors Trucker Hat,Vinted,18.0,0.0
2026-06-25,08:51,1168,1168 Real Tree Camo Trucker Hat Mossy,Depop,13.0,0.78
2026-06-25,12:14,1171,1171 Racing Trucker Hat Allen Walker Race,Depop,9.6,0.68
2026-06-25,12:31,975,975 Real Tree Camo Baseball Hat Cabelas,Depop,14.0,0.81
2026-06-25,18:33,878,878 Seattle Marines Baseball Hat MLB Pro,Depop,10.8,0.71
2026-06-25,22:08,1208,1208 Ducks Unlimited Hunting Trucker Hat Ducks,Depop,12.2,0.74
2026-06-25,22:13,,Vintage Trucker Hat,Vinted,15.0,0.0
2026-06-25,22:56,1382,1382 PING Golf Baseball Hat,Vinted,10.0,0.0
2026-06-25,23:39,18,18 Mossy Oak Real Tree Camo Trucker Hat,Vinted,22.0,0.0
2026-06-26,00:24,1226,1226 Realtree Shadow Grass Baseball Hat Plain,Depop,9.6,0.67
2026-06-26,02:23,1358,1358 PING Golf Baseball Hat,Vinted,15.0,0.0
2026-06-26,06:30,1258,1258 Forrest Chevrolet Baseball Hat Forrest Chevrolet,Depop,13.6,0.78
2026-06-26,06:35,1315,1315 Vegas Heat Softball Baseball Hat Nike,Depop,9.6,0.67
2026-06-26,08:06,1310,1310 Ralph Lauren Polo Baseball Hat Polo,Depop,64.0,2.24
2026-06-26,09:10,1255,1255 Realtree Camo Baseball Hat Realtree Camo,Depop,12.0,0.73
2026-06-26,11:13,1189,1189 Real Tree Camo Trucker Hat,Vinted,15.0,0.0
2026-06-26,13:53,1331,1331 Dodge Ram Truck Baseball Hat Realtree,Depop,13.0,0.76
2026-06-26,16:49,,Real Tree Camo Baseball Hat,Vinted,12.0,0.0
2026-06-26,18:11,502,502 Vintage Trucker Hat,Vinted,15.0,0.0
2026-06-26,19:22,90,90 Real Tree Camo Trucker Hat,Vinted,15.0,0.0
2026-06-26,21:05,1118,1118 Ford Racing Baseball Hat,Vinted,12.0,0.0
2026-06-27,00:32,,Real Tree Camo Baseball Hat,Vinted,18.0,0.0
2026-06-27,08:49,1224,1224 Vintage Colourblock Trucker Hat Vintage Colourblock,Depop,12.0,0.73
2026-06-27,09:12,1327,1327 Chevrolet Racing Realtree Camo Baseball Hat,Vinted,18.0,0.0
2026-06-27,09:34,2,2 Bundle 2 items,Vinted,45.0,0.0
2026-06-27,10:08,1005,1005 Real Tree Camo Trucker Hat,Vinted,15.0,0.0
2026-06-27,12:45,1309,1309 Realtree Camo Trucker Hat Blank Hardwoods,Depop,10.0,0.68
2026-06-27,12:34,2,2 Bundle 2 items,Vinted,30.0,0.0
2026-06-27,14:17,1384,1384 Realtree Camo Trucker Hat,Vinted,22.0,0.0
